id,nim,periode
dd991751-0934-4ffe-9de6-94f6f887696b,KP202.24.0.0001,2026/IV
97f4e121-eb76-4272-9525-2639ed398640,KD201.22.0.0001,2026/I
cbaaefb0-16e7-4242-9a7c-5473dd8537f8,IK103.20.0.0001,2026/IV
e303e514-96b3-4dc8-9aeb-e87965c6c75a,KP101.20.8.0001,2026/III
bdf36e52-63d7-4d8b-b5df-130543862fa7,IK402.21.0.0001,2026/III
782a7568-3125-483c-a158-e45c2650d765,KP110.23.0.0001,2025/IV
e1fb24ca-d0ce-400d-a5f7-b2b1b43e0fc9,KP204.22.0.0001,2025/I
51cf8882-c4e3-4897-94ee-a655cf063533,EB103.22.0.0001,2026/IV
8d39b053-2462-413f-a86c-97a141483665,TK105.20.0.0001,2025/I
a2effb7f-2d23-4d9d-8752-9b17380297c6,TK201.20.0.0001,2025/IV
2c2e3ba5-cb50-4e17-8aea-078aaf7b112d,KP103.22.0.0001,2025/I
d8b0b143-37b4-47a5-9908-b8e1c48bf9f5,IK401.20.0.0001,2025/I
51ea0157-c836-4aec-897e-ceaf75bfe411,FA101.20.0.0001,2026/II
ca41bd26-1855-4895-ba1d-47859b4dc8aa,AI102.21.0.0001,2026/II
d52fe03c-c202-4269-975d-d7c6b14773a2,AI201.24.0.0001,2026/III
7be91ade-1e93-44f3-ad8b-11be35fd5b6b,KP204.21.0.0001,2025/III
94e3e4c4-75a3-4947-aa8e-46337622064f,TK201.21.0.0001,2026/III
61c75350-fe63-44bf-aa1c-5c190c98f9a3,KP201.22.0.0001,2025/II
977f4b6d-3caf-49c2-84fc-968ae3dbb25a,KD401.22.0.0001,2026/II
1e54d42b-2c33-4ccf-bd45-e43d3d8323d7,KP202.20.0.0001,2026/II
0245d1b9-9b8c-40a9-a7be-ce736d4452a9,KP202.22.8.0001,2025/IV
fa36ca66-6331-44f5-bf58-3847aa932ad6,HP201.22.0.0001,2025/II
57869de4-b27d-4c05-943b-aa82deb03409,IK402.22.0.0001,2025/III
8ca98fb7-2f30-42f3-acfd-0c298c194dcc,KP205.23.0.0003,2025/I
0bc5da82-a04c-49f5-bd42-afcbb9860170,KP202.22.0.0001,2025/II
c370022f-c118-444b-a55f-a5577e90da9c,KP109.21.0.0010,2026/II
98677585-7f08-48cc-836c-f7b8fb7dcb3f,IK102.22.0.0017,2026/IV
bcccb595-c52e-4622-a32c-3e36744ec14c,TK202.21.0.0018,2025/I
6b27cec2-c269-40ad-a22c-41dafd8ae34e,TK104.22.8.0002,2025/I
9e5b2fb7-794a-4c8e-a865-37ee892f31a8,TK202.20.0.0024,2026/III
b3958f86-4e28-471f-aa20-0c86735ae8fa,KD101.20.0.0022,2025/III
0493d28d-e693-4807-a8be-d2939084865d,EB102.22.0.0022,2026/II
8d4fa77b-39c5-4262-9c54-44ccdf299722,TK106.22.0.0021,2025/III
deb6e8c3-2da5-4dd2-b7fa-d6a051a6c230,KP401.21.0.0016,2026/III
274816b5-4519-4489-9dff-423728224e49,KI101.21.8.0003,2026/II
e3582bdb-b12a-42b6-89e4-339de4d61ff1,KP109.22.0.0022,2026/II
6d76b55a-1431-4fe3-ac8b-1fa5872373ca,KD201.22.0.0014,2025/IV
3568e6d2-2240-48ff-abaa-afc8e0aac937,EB201.22.0.0018,2026/I
52d82f50-c4be-4a62-932e-eabf218d9f07,KI201.20.0.0019,2025/IV
ca345031-3886-48a6-8759-b1493cf4e9fb,FA401.22.0.0030,2026/III
056801b5-5cef-4e25-9b81-622ddd861f41,KP105.22.0.0018,2025/III
1a71af64-fd88-44d2-baa1-0ae57da688ca,KP106.21.0.0025,2025/I
1c244206-3208-4e76-b2d4-4047c5f11585,KP204.20.0.0019,2025/I
a844e8e0-8e8c-4aa0-b3b5-c60502c0aeb9,KP105.20.0.0020,2026/I
30db5bbf-4572-4664-97f8-30911241e198,TK101.20.0.0019,2025/III
237432d2-b6e6-4f1a-a90d-1fad03d1a4a6,KP101.21.0.0014,2025/I
6a50592f-65fb-4a4f-89b4-77ae460eb668,KP108.23.8.0003,2025/II
45cfa147-2c94-457a-a9df-4946ef58f35d,TK104.22.0.0023,2025/IV
0e4e2c43-6348-402a-a122-c1850615c0bd,KP111.20.0.0017,2025/II
78fe894a-738e-4e92-99cf-57d640cd35e4,KP105.21.0.0013,2025/II
00d95145-8da7-4f9c-81e6-98479e353010,KP111.21.0.0013,2026/I
9a0c87fb-a1bb-40cc-b560-8ccdeb75947a,KG101.23.0.0034,2025/I
a31663e6-1cf2-4400-bf7c-bd30b403cca1,PS101.20.0.0014,2025/IV
8e12087f-9cb5-42d8-8b6e-49450af3687a,IK201.22.0.0022,2026/I
1aeaf236-9dcb-4f86-bc3a-15f8e4f523ed,KP105.22.0.0017,2026/I
e43ed846-38a5-475e-9501-0d17c3e0de39,GE101.22.0.0020,2026/I
af02c316-b43d-4496-8b45-6f9f88a7ad4a,FA401.24.8.0001,2025/IV
e6096ee2-d955-467a-a440-c11305c13dde,AI202.23.0.0024,2026/II
f55331f0-cd84-4f8b-80f8-ec028cf29c50,IK201.20.0.0019,2026/III
bb810f83-3dfb-40db-8bc7-cd280c58a627,KI102.21.0.0018,2025/I
705ada6b-f356-4f91-b641-3294df14b8b3,IK401.20.0.0021,2026/II
19fa34fc-b134-421d-9158-2be46f37d1eb,KI201.20.0.0017,2025/I
c9ef6858-9a7a-4dde-b305-332793681748,TK103.22.0.0021,2026/I
a07fd731-77db-4af8-a312-49409c79fddd,TK106.23.0.0027,2025/I
41561b88-23e1-4f56-8a5d-d02f402a090c,IK401.21.0.0015,2026/IV
8f8bfca7-6b98-41a5-8b0a-8238136d53aa,TK202.22.0.0021,2026/II
d9f1e6cf-9beb-4919-99e1-04077e107bcf,KI102.20.0.0020,2026/I
bd2d982b-227d-4ed8-a799-f9d4f4e3bc06,FA101.21.0.0017,2025/III
cbfa96e8-efcd-45a5-b1ca-6c7f53c6cf1d,TK201.24.0.0024,2026/II
3398971a-4859-48bf-bba9-2ef0aebec05b,AI102.22.8.0001,2025/I
4dd55999-7b6b-4f57-80d3-3446a07e1d60,TK401.21.0.0016,2025/III
6b8c689b-ca3a-4000-a6ab-d920e290843f,TK203.24.0.0022,2026/II
296afe76-b65e-40ac-adbd-c9a59c907d0a,IK202.21.0.0016,2026/II
0a7fc5ab-5fa8-47cb-bcc3-9c7730efb0a7,PS201.21.0.0017,2025/I
153504ff-0210-4cf0-8094-3d792f704862,TK105.22.0.0020,2026/IV
c16927ad-3543-4459-b91b-a86d9cb8e5d7,HP201.22.0.0022,2026/III
e0aec281-6a4a-4f9b-a36d-5616e6744b67,EB202.23.0.0020,2025/IV
f44bd6dd-49a3-4423-8db2-757e12e6ce6c,KD201.23.0.0026,2026/III
0bf19f2c-a0da-443b-aebe-018409187741,KP201.21.0.0014,2026/II
f725a4c9-3b02-4e65-a3aa-f89e36239fe1,KP104.20.0.0014,2025/II
76f38238-bdb6-4e79-a378-baf40927cd79,KP102.22.0.0021,2025/III
37d82a4f-2e89-464f-8710-2dd8d4fd5bc5,IK202.20.0.0019,2025/I
c235b4b6-82eb-4983-852f-fb766a02f0d7,TK104.23.0.0018,2026/III
e64f78f5-61f8-47ee-8245-beacc3375fee,IK402.24.0.0015,2025/II
76e75441-36d1-45bd-9916-b3f9e5b9fa0d,KG401.24.0.0030,2026/II
cf4d96fb-29ac-4f3f-a480-11f512051c16,IK402.22.0.0020,2025/II
d49dfe6c-3b6a-422c-ac18-0a2fffcb4a5e,EB201.24.0.0020,2025/I
05bb4905-b146-4189-83cd-3e3a5889e580,EB201.21.0.0015,2026/IV
88a42a43-fcd6-4462-a7ea-803f96b1fa06,AI101.21.0.0016,2026/II
9dc02b91-012b-4a24-a9f1-62e00dac4e4f,IK401.20.0.0022,2025/IV
773245f7-0e44-4f3c-a75a-59d1a0b9901a,TK104.21.0.0014,2026/II
b2509ac7-f6b1-4f46-8b3e-3065093f6849,FA401.22.0.0027,2026/I
9e524b16-0196-4070-81a7-2406a1d73951,TK201.22.0.0015,2026/I
b7d2034f-7062-4ec2-8019-4a687d66026e,KP103.22.0.0026,2026/III
c3dea13c-aece-4a22-a5cd-24a5296a668f,TK102.21.0.0013,2026/IV
f65ad99e-1ae8-4c65-b2ea-ca47bcd3118c,HP201.22.0.0021,2025/I
382b5b44-e633-4ce5-96f4-ee85369499fc,KP103.21.0.0007,2025/I
385e136c-eb80-4703-a232-9b81080ef906,KP106.21.0.0023,2025/II
a79739a2-a206-4e20-a32c-13cc3cb9f519,KI201.21.0.0013,2026/III
0bb8c23d-e957-4ccf-b11e-7f0c548b86e3,IK202.24.0.0022,2026/IV
258699ae-1550-4c7a-8467-fae429055eaa,AI202.22.0.0015,2025/IV
3bbd85b8-5a34-4006-ab6a-90c73f51d6c4,FA101.22.0.0018,2026/III
b0d6ca6f-b51e-4e21-9a6f-fc385c1799fd,TK202.21.0.0014,2025/II
64086c0f-f0e5-48c3-800c-58a35c6e2541,KD401.23.0.0028,2025/III
a427903d-68dd-496d-875d-39e34a1d0e1c,IK201.21.0.0016,2026/IV
b3838a61-6ec0-4f12-be9e-13bd4b7b32ba,KG401.20.0.0017,2026/II
0405693a-a665-4197-8449-1605bd7851ca,TK102.23.0.0024,2026/II
5368465a-1415-43b2-b696-35133a2befa0,TK201.20.0.0017,2026/II
4b3c330b-293c-4eba-8846-d1152cbf7b20,FA101.22.0.0022,2026/I
497f67a6-3529-4eaf-81f5-89600b472166,HP201.23.0.0022,2025/III
32b466ea-7a07-4039-a0ae-b58c2235e032,VK001.22.0.0017,2025/I
4249c713-8af7-4584-8ea1-005bba53a445,TK107.21.8.0001,2026/III
06feb001-add2-467e-9c60-779bff6cecf3,KG401.20.0.0015,2025/IV
babf7c7d-a797-4058-8860-53bbe12d390b,KP110.21.0.0018,2026/I
7d46b13a-668e-44cc-bd46-7e33512e8a62,KP107.21.0.0009,2025/IV
4569237a-a0bc-4374-90b2-f2c4c551f59a,IK402.20.0.0013,2026/I
3d00b86d-08b2-41dd-afcb-b6d691e9106f,KP103.21.0.0008,2026/IV
23b15099-2f38-479e-a305-9af9c12be47f,IK403.21.0.0014,2026/III
9d2b4c63-b8fe-4ea5-bd3a-ce088844479a,TK105.20.0.0020,2026/II
9240f2c1-0074-4ff8-9a9b-66f7d9ee1f85,TK103.21.0.0016,2026/IV
ed6b08c9-2e06-4c4a-be2b-8966d31bf1d7,TK202.20.0.0022,2026/II
6af159c3-22aa-44f7-b67b-80f3e2d6be22,KP103.20.0.0021,2026/I
d1cca53d-29dc-4455-93f7-825673d2c9b2,IK402.21.0.0014,2026/IV
34a4a0d6-035b-4565-90d5-fa522b05964a,KP202.22.0.0028,2026/I
8060d329-3dd6-4ba6-9148-9726acfd9a96,TK106.23.0.0028,2026/II
76cfbc9a-315a-4432-8578-4e8342cba594,TK203.20.0.0014,2025/II
ac8cb892-7b2a-4d98-81da-5b2c4e4c832d,KG401.21.0.0011,2026/III
b869d892-3724-4ff1-b474-e85ae4943f9f,KP105.20.0.0018,2026/III
5d4ad81f-d2b7-4d1e-a605-ce2185862457,KI201.22.0.0022,2026/I
b3f9159a-8976-484e-a456-7981f50e184a,TK401.20.8.0003,2025/III
324b73c5-91f1-402d-9a5f-bb1603d88510,KD101.22.0.0019,2026/III
0f8984fd-0f92-4df4-add2-18e53599c998,KP401.22.0.0018,2025/IV
89a27f76-fd29-4506-8c67-46505ffa56ab,IK402.23.0.0029,2025/III
2f950b52-38c7-4daf-8e6a-3f2b8a72dbc1,IK202.22.0.0018,2025/I
12fdd2bf-0b45-437e-adfa-80f6d77c4542,TK103.20.0.0017,2026/I
03b6b31f-e3d9-49f6-a485-f367af0803ad,GE101.21.0.0014,2025/II
4cf5b354-bfb3-4172-8e09-3d8c3d2fe64c,FA201.22.0.0016,2025/I
bae304c1-49e3-46a3-8f6d-3b36cc86ab36,IK201.22.0.0025,2026/I
034f9ab9-1744-4067-8402-c47143d5ae6b,TK101.20.0.0018,2025/III
c61bd4b1-3732-4129-8efb-537613ad4bd0,KP202.21.0.0009,2026/II
7dd1b61b-c674-41c6-8721-a86b5f9f4373,TK104.22.0.0022,2026/IV
0410639b-8dac-48e5-9502-2a1237e2b1fe,TK106.20.8.0001,2026/IV
7d21bbf8-4633-4dc6-a82c-40965ead062a,KP106.20.0.0018,2026/IV
6ddcc6a8-8df7-42c4-adae-3e321e077962,KP104.21.0.0016,2025/I
935e396f-b10b-4ed0-a951-246c0c9aed8c,HP101.20.0.0015,2025/II
5be77928-32b2-4df1-89df-590dbb564b53,TK104.21.0.0013,2026/II
5fe8c181-35f2-4c71-be67-f00c9f5a42cc,KG401.23.0.0021,2025/II
fc832440-9aa5-4717-9f59-930aea0d8705,HP101.22.0.0008,2026/IV
87f3f7ee-b686-4642-898b-efa4d0ea9f6f,EB101.20.0.0022,2025/II
b87f4e0d-799f-44f1-b960-8c666b104892,EB103.20.0.0021,2025/IV
352b1bdc-cec0-4c02-907f-c2555e953a9f,IK402.20.0.0012,2026/III
90892b2f-9953-472f-9d35-5bd3cb612566,KP205.24.0.0027,2026/I
2e7c18d8-cf49-40a4-94bb-a5aecd22871d,KP110.21.0.0017,2026/I
96e5f410-3fe3-4cd0-8a87-93d01cf33722,KP204.20.0.0002,2025/I
3b00deb1-07ca-4431-b19b-6d4eb47653fd,IK202.22.0.0002,2025/I
901fc5d7-3532-4e43-b53e-7678bdfc6e70,KP401.22.0.0001,2026/IV
260a02cd-5aa7-4924-a7c8-08de9acce381,TK202.21.0.0001,2026/I
aba79696-01f0-43b5-ae15-e90b412af740,FA201.21.0.0001,2025/IV
fd6ef9e0-9321-4d82-84de-244f4b6f9c73,KD401.22.0.0005,2025/I
a992eee2-227c-4b55-80f6-2a970c1bc4d4,TK107.22.0.0004,2026/IV
9c834c56-798a-48b8-987b-50ebf344b32b,TK201.21.0.0004,2026/II
1d1316ec-c57c-4b75-a7e9-7d20c0aa76bd,IK101.23.0.0005,2025/III
f4c2ec25-1625-4f1e-91d9-8292025ff9e1,KD101.20.0.0001,2026/II
7751f9cd-beb4-4aef-882d-d7c965511211,TK105.20.0.0003,2026/II
2ed91d78-5ee7-490e-8ec3-219b34a39f03,TK106.22.0.0003,2025/II
7050d3d8-d8a9-457d-9843-c5bc3be7dedc,KP110.20.0.0003,2026/I
62c43053-b41a-4892-80cf-6ad68fd186f6,KD401.20.0.0004,2026/III
6dce7b65-0775-42c3-b499-2c05a078e0cb,KP108.20.0.0003,2025/II
47066150-63c0-4a67-b483-310c64546bea,TK101.21.0.0001,2026/II
b4ab0a33-30b6-45f4-9710-55161d2a5eeb,KP106.23.0.0002,2026/IV
24c3e3d1-1b0c-4304-933c-0a6f0bd695d9,PS101.21.0.0002,2026/II
192cc105-8aec-4f2f-998e-c399324c699a,IK201.23.0.0001,2026/III
b87a3fa3-3646-40a8-adb0-969bde9877a1,KI201.20.0.0001,2026/I
ce0eb4b3-3d77-46d2-8494-7453d9b9d172,TK401.20.0.0002,2026/III
fc259fb9-f7f1-4ea5-b312-d63cbcd1735b,KP203.21.0.0002,2026/IV
e94436c4-702f-4506-bd54-0aa493050db1,KP202.20.0.0003,2026/II
faa46380-f463-4baf-b0ab-c76494a60e66,KP108.21.0.0002,2025/IV
eec7f267-6324-48b6-b5f0-3d2a95219db1,KP107.20.0.0014,2026/II
2f977d64-75f8-491e-b251-9cb4bc88512b,IK202.22.0.0013,2026/I
edc263a9-f4e2-420b-94a9-b7fcefa94f40,KP103.20.0.0015,2025/I
a9c35279-5ba0-46f3-9d46-32576ba61358,KP401.20.0.0020,2026/IV
804f2a57-52b1-45bb-b666-f00ca7cae6e5,IK401.22.0.0021,2025/IV
0dc1102a-0f88-43fc-ace3-6038b1a02ec9,KG101.21.0.0015,2026/II
442facef-61b5-46a7-aa10-3a6ad443052d,GE101.22.0.0015,2025/III
2b1f7270-56dd-45d7-94ab-f921aced4d00,KP205.21.0.0004,2025/II
95cf9ac9-b667-4d0b-8651-3710246afa76,KP109.22.0.0015,2026/IV
6d036020-96e3-4161-b9a8-8363f692f758,AI201.23.8.0003,2026/III
d3d466a7-ce72-4f25-8f3f-9e064bb17991,IK201.20.0.0012,2026/III
7fc17264-dd4e-4cab-a3eb-794253147b01,TK202.22.0.0013,2025/I
52027662-8931-4f3d-b0fc-66c8e5ef8b66,FA401.20.0.0016,2025/III
304ae705-abc8-4b3e-932f-ac9bff56ed78,GE101.20.0.0018,2025/I
96054207-c61e-4a19-971b-206404ab4b3a,IK103.21.0.0010,2026/I
94151249-813f-4117-bb4d-1ade880ef346,KI201.21.0.0009,2025/IV
d4d32061-0bf3-49d1-86c1-8fcb0f4d34d1,AI103.22.0.0014,2026/III
b03b349e-ab1f-4309-b830-e1ef5c90f1eb,AI101.21.0.0010,2026/II
99999a8f-2e7c-4347-aa79-0dc56292423f,KG101.20.8.0002,2026/IV
563bba58-c25e-4fbd-9454-877bdbcad8d5,PS401.23.0.0020,2025/III
5ec325ae-4100-4a73-9655-1cc4508fa59d,TK105.20.0.0015,2026/III
17ba28e0-06ce-4cbc-ae5a-20bbe8a7413a,GE101.21.0.0011,2025/I
064ab8c8-acc9-4b40-a2dc-af1726bcf7d9,KG101.22.0.0012,2025/I
0d76abba-e73d-4b85-bd4d-faab76525049,TK107.22.0.0018,2026/I
6b900a38-2a83-4924-ac49-5350918029d1,TK106.21.0.0008,2026/I
af69b518-90a6-4f57-ae51-1d17ab50e9e4,IK403.20.0.0010,2025/I
7ae632a7-3da3-4309-b76d-91a0b1b4c311,AI202.20.0.0015,2026/III
be8635a9-e89c-4b4f-b8a8-6fcaab11312a,KP202.22.0.0020,2026/II
04a6f13b-5b02-492a-b341-3ddc54c8bc51,AI202.23.0.0021,2025/I
d4ca0784-0f21-4898-9ba7-f785ce2fc106,KG401.24.0.0021,2026/I
666ca3d6-b448-4a85-ab73-41e360851a51,KD401.23.0.0026,2026/IV
a3001807-20c3-4083-acbe-e3ddd69d112c,KP110.21.0.0011,2026/III
c14b7187-b4f8-4a59-afc0-f687f8ab5405,FA101.20.0.0016,2025/IV
a695ec9f-d7dd-441a-b1e7-34355ae3c7c6,KP103.22.0.0017,2026/II
cba4a4bc-ee12-4742-9bed-473257d9ff87,KP102.20.0.0010,2025/IV
be9a820c-5684-42b8-9214-85380c977940,KP101.20.0.0012,2025/IV
b8008713-41fa-4d34-abb8-06c422b0db1e,TK107.22.0.0017,2026/IV
a19c2b53-adf8-4476-b54d-58b1fa68b909,KI102.20.0.0011,2026/II
2a6d3631-2abd-495d-b057-f647b330b51e,PS201.24.0.0019,2025/II
049aff93-d990-4372-82c8-d123aadfc2f1,EB201.22.0.0014,2026/II
1a3c24a6-ec45-4cad-be80-30830b3777c0,AI101.20.8.0002,2025/II
e9c87b71-d96e-4ce3-9157-fd10d71bdd41,TK104.22.0.0021,2025/III
2c1ff61b-7e64-476c-92ce-894c87b6db79,TK203.20.0.0011,2026/IV
909f378a-6df7-453e-9b1f-ab814d665a73,KD401.21.0.0016,2026/II
523422c4-e963-42a3-a29f-16399f536aa5,KD201.23.0.0019,2025/IV
d8cca48c-274c-460b-8713-8d4df25dbf33,KG401.22.0.0018,2026/IV
452ae6d2-c9f7-4729-94d0-2e6c47b3de79,IK403.20.0.0009,2026/III
d77b2981-6eca-4044-92c9-ecf1c081cc39,FA401.22.0.0021,2025/II
1568efdd-b010-4a0d-9a15-6d57c433c024,KP106.22.0.0020,2025/II
0df80a12-986d-4381-8b5f-b0e49c5d2cc1,PS201.24.0.0021,2026/IV
1276cad5-a072-4190-aa7e-e5d569a87bb6,PS401.22.0.0023,2025/II
d73baeef-eb0c-4139-82ae-1a1630a1e6a7,KD101.21.8.0001,2025/II
4e4e0656-7cb7-46d1-8bc9-6f4048f721a4,TK202.21.0.0010,2025/IV
f1a8fcd9-9211-46f3-952d-5ed65711fe3d,KP102.22.0.0016,2025/III
ceb1887c-0336-4abe-af0f-3fc370258a88,TK203.20.0.0012,2025/II
b5975c3f-c8ac-470a-a154-d4c9cd9adb8d,TK101.22.0.0013,2026/III
8647969e-3436-49f9-afc5-74c9a751d1d7,IK101.21.0.0012,2026/III
53f17041-f9c6-4d0b-9e58-5dd748930cdd,FA201.21.0.0017,2025/I
d9cb7acd-492d-4eb8-84ee-547a9edd04b9,KP201.23.0.0019,2025/II
dd34294f-9ca9-4c2a-8c57-0b56d3c925b9,EB103.23.0.0029,2026/IV
64e53810-8189-4e42-adb4-0a3ce19200c7,KP203.22.8.0001,2026/III
ccb25547-2b8b-4e9e-ab1a-0dfe06573ce3,EB202.20.0.0015,2025/I
414ccdd0-4916-4180-962a-aed241f75215,EB103.22.0.0021,2026/II
1e80e13d-7069-424b-9f1a-54af222f3a10,KD201.21.0.0013,2026/II
4923117b-fdd4-43cc-81b9-dec196f28a75,KP105.21.0.0011,2025/III
cb133555-3316-494e-a8a9-d8db26c330f7,KP401.22.0.0014,2026/IV
1d205042-1b71-4cea-ba81-1a7afe95d327,KP111.21.0.0010,2026/I
fcdac897-4adb-4801-a959-dd468772c000,EB101.22.0.0019,2025/II
9685e428-bd68-441e-aba3-dd194509a4b5,AI201.22.0.0018,2025/IV
23921b61-90d5-4cc3-a744-f6cde0f96f60,KP401.20.0.0021,2025/I
cdbdb6dd-b2dd-49e9-be67-bb39969a1029,FA101.21.0.0010,2026/III
ae9b1d27-d50e-44fb-9631-1bc17bddd2f2,IK202.22.0.0012,2025/II
8be14e16-95da-49c6-88bd-db737f257938,KP106.22.0.0018,2025/III
000ef666-7565-4bce-8f68-5bf307c69837,AI102.20.0.0016,2026/II
743aadeb-92cf-4ab5-be76-da5ace729610,HP201.20.0.0014,2025/III
ab634dec-bd21-4945-81b2-6cf3471b6f20,AI102.21.0.0017,2026/I
f2133bc0-8f88-49bb-9417-23e5471e776f,EB101.23.0.0019,2026/IV
5b8a7df4-f2ad-45e1-9a7c-76a99d3e9cb2,TK106.22.0.0010,2026/III
1942a997-224d-42ea-988c-d46748655def,PS101.20.0.0008,2025/IV
ba2ba978-d602-406d-bfae-1dbe042209d3,KI102.21.8.0001,2025/I
df67da66-1b5d-445a-9790-f1c05a72a2e9,KD101.20.0.0020,2026/IV
9f534a60-cffa-4a42-81ce-62b324df42a1,IK402.21.0.0008,2026/III
309558a0-6311-42c6-a17a-ea6a9ff32d17,IK401.20.0.0017,2026/III
c2a5e525-668a-4259-8f4f-254a5f08606f,EB103.23.0.0030,2026/II
2fdb4d25-5cda-437c-882e-76a24883458a,FA201.20.0.0014,2026/II
fa9e3c42-827e-47d7-beb8-4eaec1c12979,EB102.22.0.0019,2026/I
a0ee9167-2366-4d93-a426-069df504de29,HP201.20.0.0013,2026/IV
8a582e02-64fc-43aa-9c60-429a240fcd41,KD201.20.0.0008,2025/III
67afb619-6bf1-4761-9f52-5c8c495cf668,KP108.22.0.0013,2025/IV
82164efa-7150-436e-a114-f59d324eb493,IK401.24.0.0020,2026/IV
eb3651b4-605a-447b-9a68-9fb2c1e8e3a9,KG101.20.0.0016,2026/II
931839f7-a8fb-400f-b6c5-8cdf5e0b3dc4,KP110.22.0.0021,2026/I
7851e226-73a2-4100-9e8e-aa1c24033539,KP104.21.0.0013,2026/I
34c3a806-e4dd-440a-8fb9-ea8a2a446a39,KP111.20.0.0013,2026/I
fe9f5698-74b0-4cbe-9601-b4a92b61fbbc,KP202.22.0.0021,2026/III
639c779a-aa25-42e8-8acb-097219e84dd0,TK201.23.0.0019,2025/I
489475c5-162a-4547-899e-97561f441c17,KP103.20.0.0014,2025/IV
4500cacb-b53a-43b0-bdb3-3873a9ef56fd,EB101.20.0.0015,2026/IV
d8f221ca-c83b-430d-ba7c-df1e81429253,AI102.22.0.0019,2026/I
26aaae5c-e94b-4adc-9e72-40247152df36,KP110.22.0.0019,2026/I
5f577ec8-dee1-47a6-9f55-9a28abeb3f01,KI201.22.0.0021,2025/IV
1d05a904-c0f8-4e4c-9589-c70329dfaefe,TK203.23.0.0011,2026/III
32602847-0a8c-47ea-b31a-c7d124704cdf,TK106.20.0.0019,2026/II
afd14a0b-9ca9-4ecc-887a-4a2967a98f6e,TK106.21.0.0009,2025/I
1f69aeca-0fb0-464b-a838-abf66dbdbddd,IK201.21.0.0011,2025/I
4917396d-f021-491a-911e-b3f876096835,TK401.23.0.0021,2025/I
ece51c8d-0235-480d-97b1-3e605fbeafa4,TK202.22.0.0014,2026/I
049d2ede-796e-4678-ab33-5df841ef8ed5,KG401.20.0.0010,2026/II
0113518f-3b26-450f-857d-82a68dc8eee7,KP401.24.0.0017,2026/I
53ecbac4-3e22-4bb1-8541-770be7ec1b1f,IK403.22.0.0009,2026/II
fb501a22-9955-451b-9db3-ddff5be375b2,FA201.22.0.0013,2025/IV
9adf7634-00b5-4f48-a0fa-567ad126447b,IK104.20.0.0016,2026/IV
06a6a454-ff20-4f2c-a7ab-94045803e415,PS201.20.0.0018,2026/II
ea6c2f71-7ac3-436c-aa55-f8fbb6ddada0,IK202.22.0.0015,2025/II
7a8e3a4d-25a6-4e6f-ae99-69667d90f14b,IK401.23.0.0013,2025/III
1b73bf70-8f59-45fa-be7d-e2732bc07b36,AI102.20.0.0018,2025/IV
6dd01bd3-ab93-450a-864f-2267f814999a,KP111.20.0.0012,2026/III
4bcc121b-0295-42ab-991f-e436792c625d,KI101.22.0.0014,2025/IV
221392d9-5fb9-43ac-b96d-799460a99067,EB202.21.0.0003,2026/IV
e848b778-f708-4641-96d8-9295b1dfc4bb,IK403.20.0.0005,2025/I
7b3ea967-8502-4c2f-8624-6b77dd19311d,EB202.21.0.0002,2025/IV
c89ec9ca-6858-426e-a9d6-68917c956675,FA401.22.0.0011,2026/II
2ec3578f-a283-4afa-9a0b-a7679cd5920e,TK401.22.0.0007,2026/III
09a6e0a2-b563-4640-a627-ba05fc9276bf,IK103.21.0.0004,2026/I
d87d2d68-2068-4006-934c-7df5d20d5e83,FA101.21.0.0006,2026/I
ec5d1d3d-54cc-4422-829b-296d937f8505,PS201.21.0.0005,2026/IV
99a9b442-72f6-4c81-a49a-985c56d17d61,KP103.22.0.0007,2025/II
e98fde50-4324-418b-8a59-ced5147cce84,IK202.24.0.0007,2025/II
46c6aae0-0d12-447f-ba4a-4dc933e13949,FA101.21.0.0004,2025/II
09f4f8af-ff7e-4340-bf70-682feaf58b26,EB202.22.0.0006,2026/II
ca8a4fc4-c2a5-4a64-8a91-3fa8b65b8276,EB202.22.0.0007,2025/II
58671e95-aee3-4e5b-a8fc-826b9073b7c6,KD401.24.0.0008,2025/IV
58803c16-3dbe-4e1c-88c4-d5975654f203,HP201.21.0.0005,2025/II
c6729e81-4e82-42b0-a856-af385f3593dd,AI202.20.0.0005,2026/IV
d344bd16-273f-4db1-a58c-c0b22429c060,IK103.21.0.0005,2026/I
93355b9e-7c95-4b9e-808c-343003270ff8,KI201.22.0.0003,2026/II
39977a1d-565f-421d-a47e-ee9a2bf45be8,KD201.22.0.0004,2026/II
a314b29d-b4d9-4375-91b7-b32085473785,KP107.21.0.0006,2025/II
4169271b-50a3-4795-84b1-b24582ace823,EB102.20.0.0005,2026/I
19a67086-7bf0-4891-8827-3f9ed9e1abc0,IK403.24.0.0009,2026/III
f27ecdb0-6e77-4153-b33f-14e1a5ded203,TK106.20.0.0010,2025/I
17d41b78-a105-41ca-be40-cd917c270fec,KP104.21.0.0003,2025/I
b05d24d5-1c6c-4290-8e3f-9b052e128198,KP107.22.0.0009,2025/I
594b6e6b-2aa3-4143-9d1b-b9a3272b4489,KI201.21.0.0003,2025/III
40573c90-18da-41fd-8e95-46462d5a526f,KP106.22.0.0008,2026/IV
bd5c4f88-0bc6-485c-a1e2-ccf6f80c62cf,KP107.23.0.0011,2026/I
72fb75b1-bb3c-4bde-9e41-118a3603c574,TK104.22.0.0005,2025/II
77d6317e-ac14-4134-aeca-856138846914,EB102.22.0.0005,2026/II
786f071a-5c8e-46fc-8e48-252046e4454d,IK201.22.0.0004,2025/II
9114a405-e2da-4953-bf99-2047c78ba10a,TK201.22.0.0003,2026/III
0b1cb008-d0d2-4199-9ae8-78b0904d9856,KG101.20.0.0005,2025/I
0d13bb54-d5e2-4f8f-a4bc-2a651a46a730,IK103.20.0.0006,2025/III
e9128056-d50f-433e-b619-536e01bfdfbe,VK001.22.0.0005,2025/II
b67a2d3b-21a9-4e29-9fb2-696cc2bcf934,KP101.22.0.0004,2026/II
7d9181c3-228f-418e-8515-bdf53052ee34,KD101.20.0.0005,2025/II
12ce0be2-dbb9-448b-9418-51e71af2ce69,KP202.22.0.0009,2026/IV
2a4d1e87-5ee3-4e42-b858-81f0f0c09c83,KP401.21.0.0004,2025/III
de7ea1bc-f630-4483-a63f-92d27afd0281,KI101.22.0.0003,2025/II
ae0eaa95-530e-479b-94da-6e998d8422c6,TK102.20.0.0004,2026/III
0adbbd84-3a7d-48c7-8419-ff71354bfc37,KP201.22.0.0004,2025/I
e41b95e4-212d-4abe-966a-025893579e5e,IK101.22.0.0005,2025/I
d1b4f7b1-ac2a-44f3-b7d2-91d1013214c8,PS201.21.8.0001,2026/I
a29e731d-6016-4d8d-9b61-d6714fcab387,HP101.21.0.0003,2025/I
783d56f3-be47-4ccf-bbc9-da9431c169ae,KP202.21.0.0002,2025/I
c1989fa9-ab55-41a5-84d0-777673078aa1,VK001.22.0.0006,2025/I
dffd04e6-3277-4d3c-a049-b26dc1ff181e,IK401.20.0.0007,2026/I
2ac310b5-2ef6-49c7-9847-148383ec883d,KD401.21.0.0005,2026/III
e3153bc1-591c-44e5-8397-d69e36b39966,EB101.20.8.0002,2026/III
d47528ae-1735-4c49-a842-28861da3236a,TK103.22.0.0006,2026/II
4efe771c-2d80-457b-812c-44d60f7e25c1,TK202.22.0.0004,2025/II
0889ace2-8781-4de1-bdca-92785913f9db,TK203.21.0.0004,2025/II
e7e72906-bf1a-4a79-ab3a-b6fffc724053,VK001.20.0.0005,2025/I
03611d42-1093-4284-9b16-10b5f8f6a27c,TK103.20.0.0005,2026/I
df1a20c3-24c1-4dc0-888a-3651f2e55cdc,VK001.22.0.0004,2025/I
d271b478-49fa-4020-b8d1-ab7f43403714,AI103.20.0.0002,2025/II
01b70e26-e1c3-4e4c-9e17-deb4399a3c99,KP108.21.0.0004,2025/IV
71c88275-135b-4689-aac1-dd8c3f990494,KD201.21.0.0007,2025/III
d130e51a-1fbf-42ae-8a48-fd3203726077,KI101.22.0.0004,2025/II
133050f7-6fd1-4d22-8c8c-95781923756c,TK201.22.0.0004,2025/IV
16242cad-a881-4656-ae40-09e47f92422c,AI102.22.0.0010,2025/I
2b217400-7c4b-49d1-8226-0b3df6ceaaa1,KI102.21.0.0006,2026/I
ad8090b0-b14a-4c81-a91a-39bbe8fef3d7,AI201.20.0.0006,2026/I
78077e6f-6ff5-4d3f-b13a-2075874379cb,IK104.20.0.0008,2025/I
86b3c610-4362-4449-9174-43af7d2d2410,KP107.20.0.0002,2025/IV
ea796efe-6ee2-4a0e-99b6-b20bb415d678,PS401.22.0.0008,2025/IV
8cd7ef9a-d1e4-4cc1-9855-45e59dbe0d99,KD401.23.0.0007,2026/III
c9f5800b-8964-4a48-9ee0-d92c0115f7e2,KP202.20.0.0004,2025/III
ff48668b-d15e-45ea-8a4e-6f9d558f09ff,PS401.23.0.0007,2026/II
63198c62-d828-4bb8-8839-8211723124d0,KP110.21.0.0003,2026/III
8e18b27a-0dc9-4cec-a93a-c3884d241ba3,KP111.22.0.0006,2026/IV
cbacb55c-8350-40d6-8428-f2c86f78fd64,VK001.22.0.0002,2025/IV
8f4328a0-180f-4d3a-8b39-28a0c46bfe59,KP204.21.0.0003,2025/I
cd897abd-e7d8-4729-9f60-c7d94af65b3e,KP111.22.0.0005,2026/I
07144c84-691d-4c37-a176-bc74754dacc3,HP201.21.0.0004,2025/IV
8fbcaf3f-1efb-4951-befe-3b7d829f766e,KP401.24.0.0009,2026/III
55c438fd-9141-4405-b97a-c57258edd4ae,KG101.20.0.0006,2026/II
6b7ad5d2-3cad-4681-b3f5-759abd4591bf,IK103.20.0.0007,2026/III
636e9bdd-f169-43ee-8f10-f104fdd0f255,IK402.21.0.0003,2026/I
f7359aa0-3361-4f6e-a05e-bf095d43cee9,TK201.23.0.0004,2025/IV
d3bcc5d1-cb3e-4ea8-ac1a-109062dc86d1,KI201.22.0.0005,2026/II
b311a8a2-273a-4782-96f5-0fc79dc96990,TK401.23.0.0009,2026/I
cde979a7-6bbb-4b5e-bfc4-26b4141bf984,EB201.23.0.0008,2026/II
04d223db-78ee-4899-8117-3349f0215aa2,TK401.20.0.0006,2025/IV
05d2c633-0975-40f8-b325-5080efa8c14c,EB201.21.0.0003,2025/I
fcaf49f4-b90d-45eb-b051-0e8efd951799,HP201.24.0.0004,2026/III
e1ff6951-ec71-4042-b77d-a20346b6de08,FA201.20.0.0004,2026/II
814e68eb-6651-44a0-8a7a-0590eb5dda9b,KI101.22.0.0006,2025/III
5b251c38-7f4f-47ce-a7a3-e279f5ad2dfb,KP104.21.0.0002,2026/III
ab7b33ed-fbff-499e-86d4-b0e8cb74260c,FA401.22.0.0013,2025/III
51392bec-8ad8-4dea-bece-0551dfc89770,KP109.22.0.0008,2026/III
d1b66bca-595e-4dcd-9ff9-e0a5f5636d24,IK104.20.0.0007,2025/III
c15cbf67-8388-4c73-9bdd-c8dde2c2f705,KP102.22.0.0003,2025/IV
9d3ca00e-8643-4870-a117-879e48317198,KP101.21.0.0004,2025/I
c3b6da9c-84e1-497d-a68a-cc37627e94b5,KP401.20.0.0008,2026/IV
026055ca-63c0-4dfa-a86f-e7a51260afaf,KD401.24.0.0006,2026/I
9a9ace80-1697-4b2c-a003-13a31a50222d,HP201.20.0.0007,2025/I
fd20db40-6e64-4a4c-89cd-8342c07c5fc7,KP108.22.8.0002,2025/III
0d089722-8328-4e4a-a1c1-16db39bc1538,KP201.23.8.0002,2025/III
ab9bd37f-b8da-47f8-9165-2ca5d0b091cd,EB101.21.0.0004,2025/IV
e913a07d-cbb2-4477-bff2-59e17b953916,TK102.21.0.0005,2026/IV
91c8421e-4d35-45e2-b64d-210cc2fc13b3,KP201.21.0.0001,2026/IV
da0f3f8c-a193-478d-b8c0-1864b75c1c53,KI201.20.8.0001,2025/III
0cafc7aa-77ea-4711-b965-960896e36908,IK104.21.0.0004,2025/III
5a555172-044c-4186-bfd8-3b1ee8348418,AI102.20.0.0004,2026/I
5487040f-bed4-4247-879c-5d8dae3a406b,AI101.22.0.0004,2026/I
f59af0ff-cb3c-4cc7-addc-d017729ddebb,IK402.20.0.0002,2025/I
69956109-5187-4901-8029-39f1774d2a06,HP101.20.8.0001,2026/III
6e779c9b-267d-4d4d-9405-bdccbe879e96,IK403.23.0.0009,2025/III
2bfb6590-57a0-4576-bc68-99bf6af5cc23,PS201.20.0.0008,2025/III
0cd8500b-2f10-407e-a640-187d970388f5,TK401.22.0.0006,2025/I
adca7c41-846e-4fdd-bec3-0c2e335337e0,KD201.20.0.0002,2026/II
baa48abc-0635-4a7e-a0a2-f9cde679f74e,TK102.22.0.0002,2026/I
f8610371-deb5-4279-b932-5b799c3227e7,EB103.21.0.0003,2025/III
9fd79e85-2e04-462d-b7a5-19129d23f2cd,TK203.21.0.0002,2026/IV
9d9bbe42-f92b-4775-b23e-a8e6e18f2314,KP111.22.8.0001,2026/III
9ca39b7a-1854-4a1d-8a53-d027b0d46acf,EB201.23.0.0005,2026/I
e144f845-2565-4eec-9bf0-8296d7021021,AI102.20.0.0005,2025/II
0c0b3841-cc02-420a-9743-642786a13a29,TK106.21.0.0002,2026/III
be55c4dc-2e46-405f-9fd5-ed49a299921c,IK401.24.0.0030,2025/IV
3e9c229b-34bd-4120-b6bb-e47614696c16,TK101.22.0.0021,2026/I
0b8978af-765f-4077-833b-b72caffcddb8,KP102.20.8.0003,2025/IV
8cdaf825-d410-4fc2-b79e-d3811d1a5882,TK202.21.0.0019,2026/II
d83ae39c-c162-4b05-93f2-5ba7eba84676,HP201.23.0.0027,2025/III
ad389da5-a159-46e5-b2bc-255412b2ed4e,IK403.20.0.0020,2025/I
c0cb7a55-e2fe-4879-a71e-d5df65a3dab9,VK001.22.0.0022,2026/IV
0927510f-4314-4e8f-bc95-a8608f8189bb,AI103.22.8.0003,2025/III
47044408-6a7a-4434-9cb0-40ce8b08cb5f,IK102.21.0.0016,2025/I
eb912275-baca-485c-82bd-daef92c23f3b,KG101.22.0.0026,2026/II
627938c1-3a72-4bc9-a54a-36bddfcca534,KP104.22.0.0027,2025/I
810694ae-f89f-4b7d-8e39-a25fc8f42041,AI202.21.0.0019,2026/II
26c12afc-3235-4453-bc48-21a20440cb37,EB201.21.0.0021,2025/III
e54ba70b-ac44-4430-8830-8cbb7ce1671c,KD201.21.0.0005,2026/III
e13f0c8d-cc2f-4e06-a3ca-650d6ae5ab82,TK203.23.0.0002,2026/II
79e16f1b-e034-48a4-abb8-2547fe8390b4,PS201.20.0.0004,2025/IV
98a27159-2320-4a47-998e-6faca53bab53,IK202.21.8.0002,2025/II
623ac9b5-6017-41a5-a64e-963b0c1b0db7,FA101.20.0.0003,2025/II
a4aa1494-8f45-4b54-af21-6f63576ea583,KP111.20.0.0003,2026/I
0036a8c8-d5aa-4716-b603-6ec0b435774e,TK203.24.0.0002,2026/III
153138dc-6f1b-4b5c-8336-47bc39c5e0b7,KP111.20.0.0002,2026/II
a9925ab7-2417-41b9-9098-ce40e35117a2,KG101.20.0.0003,2025/I
fd4cfa79-4f58-479c-a627-212cce276e7d,EB202.22.0.0002,2026/II
b2170efa-17ed-4fc3-9561-d1b871dbf62e,KP109.22.0.0004,2025/II
1273791e-3035-4508-9d79-f729011745dd,KP106.21.0.0001,2025/IV
e50b988c-eb46-4734-be90-2c5285bd441f,KD101.21.0.0001,2026/I
1a2f4bec-2031-4df6-9730-dd59747fd142,KD401.22.0.0003,2026/III
cdb9408f-0c83-49df-8545-98cfb2012982,KP205.21.0.0001,2026/IV
aa2d6602-643c-4564-9cd3-688b4ed9183c,IK104.20.0.0004,2025/II
41c8a5d2-9455-4e6f-8468-e2f2596a5356,TK104.23.0.0007,2026/II
a4c21c29-8f25-4d2a-9804-8119b574db17,TK202.20.0.0011,2026/IV
a5433d20-fbb1-4a6b-aeab-fb40b8544935,IK202.22.8.0002,2025/III
398e6cd5-9de8-481c-ba8e-c420ddc3538e,KI201.20.0.0006,2025/I
2ab9f0cb-bbfc-4f50-8836-4c22356bf218,EB202.21.0.0005,2025/IV
01f3367e-5b5f-4ec5-b95b-2fb4aa11e625,IK201.22.0.0006,2026/I
6de2a4f2-4bb5-44f8-a551-ef1e8e8f6fef,EB101.20.0.0007,2026/III
e65c9da6-5237-4da2-8fb8-29cf04d64bf7,FA201.23.0.0006,2025/II
c69ede64-1faa-46fd-a993-639efe4ca658,TK103.20.0.0006,2025/II
c152ab6d-811c-4004-8e9d-9db715fb0491,AI202.20.0.0007,2026/II
0f6e2177-1be2-496e-bd1b-56b5be1504ba,TK401.20.0.0011,2026/III
8ba88ba5-bced-4ade-92fe-a86b4e4ea14d,IK403.22.0.0006,2025/I
5fc45182-757f-4c99-8a05-8652c63a63f5,TK103.22.0.0013,2026/III
2d384822-2e9f-4cf9-8a26-9ffcc3f35b59,KI201.23.0.0007,2026/IV
3d0a544e-1dd0-4645-8b00-3591c339c895,KP105.22.0.0004,2026/III
5bec48f2-f323-42d5-8a9e-f33c5b9d0610,TK101.22.0.0007,2026/I
6fc3cbe2-018d-451c-9ddc-5e82436b838d,EB103.20.0.0004,2026/IV
9e472ee2-d21f-4f43-97d4-9b462a299665,KP101.23.0.0007,2026/II
80dcaadc-82d1-4362-849e-233393cfae19,KP204.22.0.0007,2026/I
1cda580e-5235-4a36-a34f-af240a8c79ac,KP110.22.0.0009,2026/IV
aae432e5-d5f9-4d78-b2ab-4fce788d2cbb,EB103.20.0.0006,2025/II
cbaedec5-e72b-41ca-811f-73028ad37a0e,TK106.22.0.0006,2025/II
3c34e0da-e66d-44a6-90cd-47b41dc8e10e,KI201.21.0.0005,2025/I
27f962c3-7aef-48cd-9ed2-cdca9d01a2ee,KI102.22.0.0013,2026/II
31caf2ab-ee57-4125-89e7-e469ec8fe408,IK102.20.0.0007,2025/I
ee0984d1-0347-4dc6-8d8a-90ba1748f00c,IK202.22.0.0007,2026/IV
fe82bb48-d7ff-49f3-b787-dfe11de372bb,IK201.22.0.0005,2025/IV
68c83bcf-d716-4a6c-89a2-b98870cb8d44,TK201.24.0.0011,2026/I
aa56bc04-d77c-43a8-ab74-303bc3a9cd9f,TK203.20.0.0004,2025/IV
d8e8eb5a-9c94-4a75-acc7-f93b1c0285d3,KD401.22.0.0012,2026/II
7814e076-3a2d-4cdd-9ab4-ab94ca5b00d0,KP106.20.0.0008,2025/I
f9cf965b-0565-428d-b149-5ef4ef349878,TK401.21.0.0005,2026/III
f3f6351e-b999-4bcc-9496-b7b7b1a10d5a,PS401.20.0.0005,2025/I
b4d3d6e8-dd01-460e-b525-2916e69a3737,IK402.22.0.0010,2026/III
0243023e-740a-4761-83ff-1b1fd8e5e52a,AI202.20.0.0009,2025/II
5ccdae7c-0213-41c9-871c-711b5f754fae,EB102.21.0.0002,2025/II
ccc492fc-344e-48a7-9cf6-f2fcef8737bb,IK401.22.0.0009,2025/III
c6e5139f-3709-4392-8267-2042e865267c,PS101.22.0.0005,2025/I
14333207-ca48-4128-a270-2d9fec3c095a,KP111.20.0.0007,2026/III
6e8de221-fe22-47cd-a15e-934aa4fd4d8f,KP201.21.0.0004,2026/IV
056182c0-886c-41c4-ac0e-30546a415b00,KP110.20.0.0007,2026/II
72f2570d-5009-42b6-aba8-d3fd7fba0918,KP111.22.0.0007,2025/III
8d97f4de-199f-4314-bb1c-bbd4b4375986,PS401.21.0.0006,2025/IV
01f0c06c-ab63-4abe-b92c-e7150f0935a5,KP102.20.0.0005,2026/IV
7837e1e9-8e53-4d23-844d-b7cf8ac2f319,IK401.22.0.0008,2026/II
971af461-cd44-47d8-b2ff-9c2d6a30838e,KP101.22.0.0006,2025/IV
d70c586f-e258-44f3-9acd-1317b896b1f8,TK105.20.0.0009,2026/III
966d0d32-158b-42d5-bfd0-54deee03920b,TK202.22.0.0008,2026/IV
ff2d8032-2da8-45bc-9538-2e39d5565a67,AI103.22.0.0007,2025/IV
ba82d096-b8a9-41f8-ad2c-64f4b238c0f7,KD101.20.0.0013,2026/II
8519d99f-54d4-4e55-b7c1-df05baedb35e,KP108.22.0.0009,2026/IV
5b516279-bb29-4395-8b18-ee1e069f1fed,KP107.20.0.0009,2026/III
d3ce96d7-209f-4a9e-8dbf-df9f01a2f749,KP201.23.0.0008,2025/II
4cad1f4f-8365-419b-bd2f-d1ee02a26dcd,KI201.22.0.0007,2025/II
a8d651a2-050a-48ab-aa51-1c6771e5b94d,FA201.21.0.0011,2025/II
6c208eef-d534-4119-9ab7-ff1c74f9c807,GE101.22.0.0010,2025/IV
5940dc3f-ab9f-491f-923d-4748a8d93005,KP107.20.0.0005,2025/II
c0fc92dd-16a7-499f-8000-e46d5aaa08b9,KP110.22.0.0008,2025/IV
0efbd6fd-91e7-4cce-8fe3-f2996d34a4a3,FA101.22.0.0004,2025/III
915d0ea6-fcdc-4c53-92a2-babcf2115102,KP202.22.0.0012,2025/IV
48ff7ca3-a456-4479-9406-b1989c1a820d,AI202.21.0.0003,2025/II
3ccd54e4-a302-43da-9c1f-dacebbc2bab7,KP110.20.0.0008,2026/II
d7134500-153b-473e-b31a-c734cf3599b9,TK105.22.0.0009,2025/II
91906d5f-4336-45de-8315-b6bcdfa04185,AI103.20.0.0004,2026/IV
55c87f8d-ebd4-471e-a370-0301a257ba57,KP104.21.0.0004,2026/II
aa36b5a4-8d10-4dc9-ba5e-8a4adb54ac40,HP101.22.0.0002,2025/I
f94a35a8-817e-40a3-a939-0800cc9a3644,KP203.23.0.0008,2026/IV
b5cad762-ecd2-4a9a-9c8a-e95d9943c053,TK105.20.0.0008,2025/II
092a2913-bde8-4f7a-bea0-dcccabcd6422,PS401.22.0.0015,2026/IV
a3e41b94-ac2a-49ac-a876-c0eaf810ca63,TK202.20.0.0010,2025/I
1a7d875d-2038-4421-b583-6d381bd0d908,IK202.22.0.0008,2026/III
58a930dd-a4a1-4662-9899-f3090d05857a,KP111.22.0.0008,2025/IV
a93cac64-487f-4743-99c2-4876cd34419f,TK202.24.0.0012,2026/IV
fef67edb-1868-4601-b498-bb4cee4d4d05,EB102.21.0.0003,2025/II
6fccdcf5-8b5c-4ca9-a339-c6e85f421ace,TK101.20.0.0009,2026/II
347c15c2-c008-4128-95bd-0e08dfe1ae86,TK401.20.0.0008,2026/II
e018fa44-2b8a-442c-952a-34761c7082e2,EB201.21.0.0004,2025/I
4dbf5f10-2840-4ba7-919d-1aae16165588,AI101.20.0.0006,2026/IV
fb43d897-bcd0-486f-af2e-0a6efdadc00f,KP110.22.0.0011,2026/I
4553396e-9ec3-4c37-b4b3-0edfae02d5b8,PS401.23.0.0014,2026/IV
a2fb217f-42c2-4329-b286-11a4ba303b70,KP401.21.0.0005,2025/II
c7bed50b-84d4-477f-a496-a3f6445b5cd8,KP103.20.8.0002,2025/IV
4b77bc7d-ca15-4352-9f88-86543a81684a,FA101.21.8.0001,2025/II
217e034a-6753-4c7b-87a0-c8e696fce2a9,AI103.23.0.0005,2025/I
7fd94569-ae8d-4846-8f35-95c3a82ba835,AI201.22.0.0010,2026/I
0607e41e-c890-4c4d-8abe-62afe2fa44d8,KP107.22.0.0013,2026/I
4b508f81-ab21-459c-8cd2-15316c8baeaf,KI201.22.0.0008,2025/IV
8ffd5a2c-000a-49eb-989e-391e1901b0ea,KI102.21.0.0009,2025/II
a0303a86-573a-48ab-8f37-c1c63bb518cf,KP109.21.0.0006,2026/I
2b57d813-150a-4fd7-873c-8a11bc1d110a,HP201.22.0.0007,2026/IV
60a62e12-67b4-4a69-8d25-38113a04fffe,TK201.22.0.0005,2025/III
edef2d44-8853-4171-8b12-9ea27a1bc0f0,KI102.22.0.0010,2026/I
93886535-ec81-4c3d-b8ae-144a63d541bc,TK101.21.0.0007,2025/III
2a9c5ee7-eac4-4b68-a310-b95907bfde3a,KI102.22.0.0011,2025/III
c1872d16-d5e1-4470-945e-0690cd8dfa10,VK001.20.0.0006,2026/III
27ef7208-de99-4ca5-af10-708e7687ee60,GE101.22.0.0009,2026/IV
8354e25c-9235-4af2-ac3f-0511988e67c9,FA401.22.0.0014,2025/II
7e77e9b7-f8c3-462d-9092-b1c80720e762,AI101.22.0.0006,2025/III
3297b35d-cf24-4f2b-a49b-16871f7342d6,TK401.20.0.0010,2026/I
a2236abd-7e8b-4e07-89f8-a5044b44c10e,TK103.22.0.0012,2026/IV
8b70d2d5-f4a0-4921-9cdb-dfb92425c7f3,IK202.21.0.0004,2025/III
810a6f34-a1fb-4ce3-ba41-b3d3a814fcb5,KI201.24.0.0011,2026/IV
43c91240-9630-4651-9d40-2e5d82be7fdc,KD401.22.0.0011,2025/III
25a72b97-abe5-44fd-bc93-79401bf4e1a2,TK102.22.0.0005,2026/IV
3cce966a-ead2-494a-97ec-6105f9ebdbe4,HP201.22.0.0005,2025/IV
22d34488-979a-4bc0-b68f-e979cd888ba7,KP205.22.0.0006,2025/III
d857bea6-05d5-47f5-aa41-1838f07c0bc9,HP201.20.0.0009,2025/II
83a5d860-3a51-40e9-aae5-85aa41430c3e,KP101.20.0.0006,2026/I
1d0efe03-5f5f-40dc-bbf6-cacb4bc71404,KP102.22.0.0006,2026/III
b491a963-6d95-41f3-97f2-29b5702a479a,KP401.21.0.0010,2025/II
55c0a173-248e-4963-8d3c-7f119f1687d7,KI201.20.8.0002,2025/III
e46580ad-a69d-45c3-b813-327646b827ad,KP203.20.0.0009,2026/IV
19e70aa4-2867-44ec-89e4-9990e2fe7686,KP104.22.0.0008,2025/II
259a26d2-7581-4062-a562-56a1ab4ee0bd,FA401.20.0.0011,2026/III
fe5547a3-7111-4606-899f-2896758d612c,AI103.21.0.0005,2026/IV
a6b9c9c1-70f5-4b47-87ff-b38464b3e394,TK104.21.0.0005,2025/I
605d7b1e-52a9-41cf-a98b-a0ac3de4326f,TK103.22.0.0011,2026/II
7199f5bf-f61e-4190-ad61-47b22eb4bec3,FA201.23.8.0001,2025/IV
e8bed130-d6a1-40b8-9465-b87829fff999,KP101.23.0.0006,2025/I
28da9df3-08eb-4a16-9216-45efab06c407,KP101.22.0.0008,2026/III
10b05005-4467-498d-8fe1-3648744d9638,FA401.24.0.0005,2026/II
9899282c-8a99-407f-85ed-278ef312d0c4,KG401.20.0.0003,2025/IV
ab07347a-735c-4ab3-b710-a773670d3f10,KP203.20.8.0001,2025/IV
65db0a36-e24f-463a-80b9-d17a4441e06c,TK201.20.0.0006,2025/IV
b4f80153-ef31-4536-b3f4-54310a60e290,KP101.21.0.0006,2026/I
ccf6f3a9-51b0-473e-b28a-952f6002ba45,IK403.20.0.0007,2026/III
d1683983-dfaa-474f-b699-ba9ae4a523aa,KP202.22.0.0010,2026/III
40052e1f-aae1-42cc-ac23-e5bcb95fd5ec,KG101.23.0.0017,2026/II
1b15b2af-64b0-437e-b94a-82ded29b69ef,TK105.20.0.0010,2025/I
c79c4e82-e67d-4e91-a8c1-44074b4644b1,TK106.22.0.0005,2026/II
45bdfffe-90ae-4b61-896f-2713cf5310c0,KP110.21.0.0004,2025/I
33c5cb16-52b0-4b56-9d6b-9c76fdcac42d,KP110.22.8.0001,2025/III
a960ab51-5485-41c6-9479-b98bb3899d9d,EB202.20.0.0009,2026/I
6bebe05a-c24f-4fc9-b138-0beb181dff67,HP201.22.0.0009,2025/III
a31b5e93-ac64-4819-bba9-a86c200f6a5f,TK103.21.0.0009,2025/III
7c4fddeb-9177-4c64-a065-3423acef1c3a,PS101.22.0.0004,2025/II
25366421-cd78-4835-bbcc-621bec5400b2,TK401.24.0.0009,2026/II
e29512e6-97e6-473d-918c-6d6cca23175a,KP201.21.0.0006,2025/IV
cbfca32c-c9ac-4e33-9c73-3f0812e4025e,KI101.20.0.0006,2026/II
62773f6b-b9a6-492f-aaad-f9d44b9e1880,EB202.22.0.0009,2025/IV
3796b759-093d-4ff1-9b09-20ef61856ae6,KG401.24.0.0009,2025/III
522bce45-a220-422d-9800-dcc95b01b012,AI102.21.0.0009,2025/IV
486d9bfc-5dd0-4ddd-8cc6-c691af946271,VK001.22.0.0008,2025/IV
e5dbd96a-f3ed-4cfb-93f8-bbdad12254c4,IK202.24.0.0008,2026/I
de9f8666-debc-410f-a67a-4ab75ad36de1,TK401.22.0.0013,2025/I
42139ce6-0a9c-4116-a30a-840eba540059,KG401.20.0.0002,2026/I
aec714d1-3498-4d22-b507-e5ea2e2c58db,EB101.20.0.0006,2025/III
d8ef21d6-83b9-4c5a-9e68-40f73e07f2e5,IK202.21.0.0006,2026/II
739ccfaa-12b2-4dc9-b227-fe6163433898,IK202.24.0.0009,2026/II
81b28160-8d5f-4b74-8177-0fbc6de39e29,KG101.21.0.0009,2025/I
f14f1a85-afe8-42e7-b9f7-3d4171b25fb6,KG101.21.0.0008,2026/I
9829fced-7d7f-432a-8c0f-33a7b347fdcd,KD101.20.0.0014,2026/IV
ba0b4457-0aaf-440b-9887-1d036de4c1f7,IK403.22.0.0005,2026/III
7606714c-3200-4f5d-99e5-f5e1be9ceaec,KP110.22.0.0007,2026/III
670520ba-9171-4c7e-ab3e-19eb3217bbef,AI101.23.0.0011,2025/I
0ae590a6-3234-472a-9cf9-614c7c4cc7f0,GE101.20.0.0008,2026/II
e39fcc8d-2725-4e64-bb63-578a69b4c23a,KP204.22.0.0005,2026/I
0ea4ce05-73f0-4148-b26a-ec14d822f0fd,KP106.20.0.0011,2025/II
f295733f-ebc8-4671-baa9-f8b3571be999,IK202.20.0.0008,2026/IV
f41943d9-824b-43a8-aabb-1575ff2a9d94,KP109.20.0.0007,2026/III
b506d7ee-2a37-47f2-8ffe-8196360b1cdd,IK402.20.0.0007,2025/III
64bde1d0-4fd6-4f06-8f9d-d5dad8f0dde4,AI103.22.0.0011,2025/IV
a4c24a47-3c90-487c-80f9-1321f2e5a164,TK201.21.0.0013,2026/II
4c6e0954-32e5-48a1-8076-90102a484640,AI202.23.0.0013,2025/II
e6b38d04-fd9d-467f-8205-8d2a6e9bbfee,PS401.22.0.0020,2025/III
cebd003f-88a0-476f-adf3-a8af9c288d78,EB101.20.8.0003,2026/III
97067e59-79b9-4795-b010-b3e6bf5d5795,HP201.21.0.0012,2026/II
2e7aa747-5903-46aa-8497-04e3154fc5f3,IK401.22.0.0012,2026/II
1ec37bde-25c7-48e8-8cf3-6f7055a81e0d,PS101.22.0.0007,2026/IV
34875342-e9e6-4eea-b071-c5c6d5754222,IK401.20.0.0015,2025/I
dc59c23b-ee9d-4950-80bb-d90654766738,FA201.22.0.0008,2026/II
cabe1539-ee05-403a-addc-45a9e34dd32b,EB102.21.0.0009,2025/II
301ec73d-efda-485b-9a54-008fef2e1196,AI201.21.0.0008,2025/I
46bfd150-fde1-4ed9-a391-d2e9894d1aa4,TK104.23.0.0011,2025/IV
f3cce1f8-3f9f-4607-b80c-4a537774b840,EB202.21.0.0009,2026/IV
4bb298c7-f32b-457e-8b5c-7c10c81afe94,KP204.22.0.0012,2025/I
4248af6d-ee08-4f5a-a509-694e7dd13950,PS201.22.8.0001,2026/III
434d0c75-029d-45f2-9ad7-da4e0d2e184b,PS201.21.0.0009,2025/II
1682419b-ac37-4eb3-9c5e-1bc1a093e661,AI103.21.0.0008,2025/III
eedd2050-1a12-4576-b3ca-2ca1d03e3bc5,KI102.20.0.0007,2025/III
aa403890-fc03-4743-8ba3-ee198e800439,KP205.20.0.0012,2025/I
21d3881f-24b1-48ae-b9ef-05f8662889a8,KP108.20.0.0011,2025/I
db5ec804-ef30-4556-8405-84a257604b23,TK401.23.0.0020,2026/III
c3aef5b7-bbea-492f-8d2d-d5b9ce6c2297,TK107.22.0.0014,2026/IV
11b92945-6c65-4be0-a80c-550fef95131c,KP203.23.0.0013,2025/I
3df96159-417f-4182-af1f-ae5edc1654d3,TK202.23.0.0019,2026/I
82f4d966-59f9-46df-95b6-22f29bcd6cbe,EB101.22.0.0012,2026/II
99a8167b-fb5a-4d6c-9aec-a9b793ad7b13,EB103.22.0.0017,2026/III
f90e7214-2c7f-4811-a1ad-d1607540f322,KD401.21.0.0013,2026/III
465f4caa-04cb-4bd4-9d0b-070f562a0df8,AI202.23.0.0015,2025/II
72ea7f43-678a-4162-8915-455c9bdfc01a,AI201.22.0.0014,2025/IV
c29cf895-2212-463b-85f4-d6d8833b8f55,TK102.22.0.0012,2026/I
97364c7c-f2a5-4337-a5a2-8bf19ff3b4d7,TK101.22.0.0009,2026/I
402bc724-250a-452d-9231-cff301ae33c0,PS101.22.0.0008,2026/II
8c412f4e-5d0b-4db0-ae40-6d9febe5cb7a,KP204.20.0.0008,2025/II
982d1459-dcb6-43d5-a0d5-2484cc89068a,IK401.20.0.0016,2025/III
c84d386e-a917-4687-9a21-79c28d5051b8,AI102.22.0.0017,2026/I
f7450a97-65ea-422a-8f0e-416eea3f363e,KP205.22.0.0009,2026/II
9f527ed3-31ae-46df-b5b2-94fff80dd5fe,EB102.21.0.0007,2025/II
70dbdd14-7e18-4b67-85fb-58dd1a5e347c,KP204.20.0.0007,2025/III
6307c767-f96b-44fe-ad44-c859f6604249,TK107.22.0.0011,2025/III
eddda838-70eb-43dd-b2d9-948aa19fe068,TK203.22.0.0012,2026/IV
129019b0-3fbd-4840-92c8-f4a8e846770e,TK105.21.0.0007,2025/III
93adeafe-ef19-4b75-979a-ae92336059a2,KD401.20.0.0011,2025/III
dadfcc25-8871-4b87-bd0b-80c58587a2c9,TK103.21.0.0013,2025/I
81e1ee2e-0005-4e42-b2fb-deb667844da8,IK102.20.0.0012,2026/III
06515dad-138b-4e29-a58a-e8a315753c01,IK201.24.0.0014,2026/IV
ba14dfd5-91c0-4a91-b69e-72924268a9f2,AI102.21.0.0012,2026/II
97cb8ce8-92b5-4021-baef-5e40ffb0fbc5,AI102.23.8.0001,2026/IV
370a5e41-b3f6-4c2a-8a3b-4b02915fb582,IK101.22.0.0010,2025/II
afbe983b-e3a8-4e33-91b5-ffa7a1fb7225,IK403.23.0.0022,2026/III
93893689-dbec-4f3b-94bc-78c682432d68,IK402.20.0.0004,2025/III
a4f4f5cc-95ff-41b3-a6c8-6eb0a1770227,FA101.22.0.0011,2026/II
1321ef61-b08b-42f2-b1fa-e93f43d379a0,IK104.21.0.0009,2026/II
484c7bf3-6926-45f8-b4f8-d47761af3134,IK201.21.0.0006,2025/IV
49608452-3fd3-4e59-a628-0e29f0846be1,EB201.20.0.0002,2026/I
a45742c4-e2d6-41f1-8066-272bc80ed95d,KP102.20.8.0001,2026/II
0d5aa5cd-5b3b-453c-bd04-80e7d11dc52a,VK001.22.0.0013,2026/I
2e1bc20e-e208-4da9-8b1b-7ec0af5028b0,KP105.20.0.0012,2025/I
1129eccf-b016-48c9-9c2b-9c42d04ec7e7,KD401.20.0.0014,2025/IV
de5dda81-def4-40f9-9fc8-4641de0809c6,HP101.22.8.0002,2026/I
e2de19a4-bb0a-46a8-bcdd-c480ea8bd889,KP103.22.0.0013,2025/I
0db9ff0d-1cb8-488c-ad97-f1c3b534c72e,IK401.21.0.0006,2025/III
4ad4c6d5-2d1a-4089-81f8-097344930818,TK102.21.0.0007,2025/III
607b0791-9ab9-48c3-b981-21cadaa6f465,KI102.21.0.0016,2025/II
78ae0cb1-5257-4950-aacf-3b5bf28e36c2,KG101.21.0.0012,2025/I
f05376aa-7061-4681-a826-a1a1096d736d,KI101.21.0.0013,2025/I
d3622365-7c49-4116-9cdd-207d14418cab,TK103.23.0.0011,2025/I
8f4e4dc1-2f1d-4fb8-bf83-08ddf71862e7,KD401.20.0.0017,2026/IV
31e706d1-28e1-4cc0-b811-5e7398cc5d2a,AI201.22.0.0015,2025/II
77dc8267-f8ba-4675-8433-161fb2f9d0b4,KP111.21.0.0008,2026/IV
1c696cb2-df16-4e91-b4b2-68543b501903,PS101.23.0.0015,2025/IV
9d0e03d6-6e76-4f2a-bdda-4669a2d9cdba,KP202.23.0.0012,2026/II
612e778c-5cb2-4a50-ae43-4895ae8e93d1,TK105.20.0.0013,2025/I
f91fd7e6-545c-40a6-bbea-4f91d76ee02e,IK201.22.0.0008,2025/II
2a01ac34-1d0b-4b6c-86c0-904a6d9091f8,KG401.20.0.0008,2026/IV
f36f7c23-ea8e-419e-9602-3c071d60150d,KI101.20.0.0008,2026/III
1d40294c-cc22-4563-8bb7-026007269b6f,TK101.22.8.0004,2026/II
70fa5f9f-93b9-4ea1-b79e-4ed0ef262ffb,TK201.20.0.0015,2026/II
3649f0da-193a-44d8-b33c-55d9acd58480,KP201.20.0.0008,2025/III
3704da36-c230-4c01-98c3-6868b6bdf26c,TK107.20.0.0006,2025/III
e317d9c6-1225-4458-8658-4491df9758a5,KI102.23.0.0009,2026/I
45b4478c-4295-4b84-b452-3b53a9512a70,FA401.22.0.0020,2026/II
c6c5f849-8bb6-4f57-bf1a-eb6bc9b62fb1,IK102.21.0.0007,2025/IV
bc6077e3-8841-4ea4-be00-88a18d6e61d9,IK104.20.0.0013,2026/II
cd582f3f-d720-4610-b988-bffb6ae31d3e,KI102.23.0.0013,2025/III
0e6e46e6-325d-4780-a9b1-a37236d2d79d,HP101.22.0.0004,2025/IV
3dbccaf9-4d5f-4cd8-bf23-9b82b5bc1993,IK102.22.8.0002,2026/I
a5cfc44d-d098-43b3-bb3d-4d8991c51d80,EB103.22.0.0014,2025/IV
8f771420-6d12-4fcf-9033-96938873fdb8,TK107.23.0.0019,2025/I
04799ac3-b801-47a4-99b9-31918964cd7c,TK104.22.0.0011,2025/I
a00ce7e4-ffbe-48fe-9e22-3322b4b34cf4,EB101.21.0.0006,2025/III
1c36eaeb-6890-431d-8770-8de9c6f11369,KD401.21.0.0014,2026/III
a8700fbc-b741-4f69-a663-5156d44ca224,TK105.22.0.0011,2025/IV
ab47062a-5d2d-46c4-998e-3bf0ab5f8171,TK107.22.0.0013,2025/I
aab239f6-4401-4281-aa02-bab2416a0d3a,AI202.21.0.0004,2026/IV
8f678137-c3ac-45c0-adde-85d13006110a,HP201.22.0.0014,2025/IV
a27213f3-f80f-4675-ba01-3425b52dabf5,TK203.24.0.0015,2025/II
4ae7a01d-038a-448e-b327-333f6cb0426d,IK101.22.0.0011,2025/I
ced84e39-866a-42d1-9147-ea4fb3f9d6f4,KI101.22.0.0012,2025/I
4a385a84-472f-4ad3-a587-a33cb2478b74,KP103.20.0.0008,2026/IV
e06ec8a0-1231-4dcd-9bb0-a919ce376b68,TK103.20.0.0009,2025/III
fe840fbe-e7a1-42df-9b31-58665b6eeddf,IK201.22.0.0009,2025/I
e71c6a2d-90e6-456f-92ff-fc34ba5ed63d,KD401.20.0.0016,2026/IV
3d550ef0-e0af-44fc-b553-74cb54a91107,EB102.21.0.0004,2025/I
5ab11c28-aa76-4545-aa1c-22f9497eb6e7,KG401.21.0.0007,2025/I
7571cb8d-d8a0-4a31-9247-0d58ffe04a88,IK401.22.0.0011,2025/IV
8fa9b9eb-cde1-4baf-b631-d79ff78e4e80,IK201.22.0.0010,2026/II
eda0797a-a4e7-4e88-b2ca-2d045e297143,EB201.20.0.0003,2025/I
ea9217d6-74a9-4da8-a78e-f79a88b42d2e,KD401.23.0.0021,2025/III
cb2a4e9a-9951-4a8f-98d2-551e25e5a9d2,EB202.24.0.0012,2026/IV
b9acb22d-88b4-45a8-b144-813eb7aeb01c,KP104.20.8.0001,2025/III
6e71f6f0-64ac-4e93-8cf1-8c94fb8bfe72,EB201.22.0.0010,2025/III
61b443ad-f4c9-4042-bcfb-4259a27926e0,KP108.20.0.0009,2025/III
c03a92c2-1682-44fc-85a5-800a3321e33e,KP101.20.0.0008,2026/III
f15230b1-bf00-4985-ba49-b151f19591c4,AI201.20.0.0009,2026/II
18e54445-4e5f-4c83-a3df-92a2e62b84e8,KI102.21.0.0015,2026/II
4e4b057c-1872-4d93-aec2-a8590637eb69,KP106.21.0.0012,2025/I
ebfd847a-9b66-4a4e-a91f-e1849ffdc69a,KG101.20.0.0012,2026/I
feb5fb09-0b1f-4a2d-b93a-10b4a52584c8,KI201.22.0.0015,2025/I
13683643-4fd6-4650-9e94-66aafdee9cd9,VK001.22.0.0012,2025/II
0c95bbe0-f67b-4644-9fc9-f145fbb87686,KG101.20.0.0011,2025/I
b44b16d0-7c65-4e51-b627-6e8cb682c9ff,KP203.24.0.0014,2025/III
24a32cd3-f6a3-451d-937d-8c5ee08112fd,TK101.20.0.0014,2025/II
7d0a6130-e1a9-450b-9101-2aca82c646bc,IK104.21.0.0012,2026/IV
470be256-e0ae-49f4-87d6-fde7b1e7a09e,KG101.22.0.0008,2025/II
62131e00-2c35-4f0f-b019-6bff75509861,IK101.21.0.0011,2025/IV
5b8b679f-a36e-4a07-9ffe-4e3aa38e9cf7,KD401.20.0.0012,2026/I
fbb2a473-52da-4849-91d0-8a6ef975530d,KP110.20.0.0018,2026/I
66241f9c-0417-4c1f-a7cd-ab5485be6b75,KP110.22.0.0012,2026/II
b8bd5ce6-00ef-4abc-bf52-261d97a70f56,FA101.22.0.0006,2026/II
e74737a9-1b46-4d79-932c-ba60069cc792,AI103.23.0.0013,2025/II
c64fe0bf-e73c-42dc-b645-d0c401839fdb,KP102.22.0.0009,2025/IV
9c7fabca-8780-46c0-b204-4f24384b68c5,PS401.20.0.0009,2025/IV
e5d17604-f904-47d5-aea2-72f0872e26d7,IK201.22.0.0014,2026/IV
6b67fcf8-a276-4dad-90b6-782380abbd20,FA201.23.0.0010,2025/IV
83f03c5c-33f6-4317-9473-ccfec59af7b0,KI102.22.0.0015,2025/I
25ee0bcc-8322-4655-8818-23e3ad95bbd3,EB101.20.0.0014,2025/II
41404cd5-ff4e-44cf-8394-3355f7a5d42a,AI101.20.0.0007,2025/III
fd266c99-07e1-4614-b20d-46b57ba9fdc3,EB201.21.0.0009,2025/I
34d961a4-1237-4238-b454-dc50855b94c7,IK403.24.8.0001,2025/IV
97979712-d55a-44f2-a235-8c1e20db37c0,KP204.23.0.0016,2026/II
07aa525b-840c-471c-adbf-1d2a7aa8677c,KP101.22.0.0014,2025/IV
47e6e2bc-c0ef-4dfb-8a61-5fc93cb7ea99,IK201.21.0.0009,2025/III
85bec071-a586-446f-8a1e-2ddeec91a393,IK103.20.0.0015,2026/II
74ed46b3-e3dc-47df-a822-b9a7a6f47ead,EB102.22.0.0014,2026/I
25921a5e-0370-4d45-823a-8b62aaf1d873,KP401.21.0.0012,2025/III
8c1ce3fa-4a51-4e13-8bb5-152d4265edb5,TK203.21.8.0001,2025/II
491b2ff3-7843-4353-927e-dbc9633d82f0,AI201.20.0.0010,2025/IV
3e5d94f7-eed9-424d-bf9c-90dfbf3af668,KP107.20.8.0002,2025/III
d5906460-1f83-4b70-85ee-e9f1ae12d826,FA401.24.0.0011,2025/IV
e61aba5d-7524-492b-9287-340802ec9ad1,KG101.22.0.0011,2026/I
efa88d11-5345-4f2e-b724-96e4cc6e0c6d,KP203.22.0.0007,2026/III
176071ff-2a3a-4b90-b9bb-3ad6857433bc,EB103.21.0.0007,2025/I
fd2c9411-09cb-4855-9c2e-9cd0898f0536,EB102.22.0.0015,2026/III
1a93abd0-407b-47a6-8982-a181e19ad456,TK203.20.0.0008,2026/IV
8a5489b5-c839-40c4-890b-76370f4d98c1,HP201.22.0.0011,2025/IV
a6b1a3a4-7486-4cc2-9c27-d5a99ed5c1dd,PS201.20.0.0016,2026/III
2b63897c-9e11-41f6-be37-8e69ffaad302,TK203.23.0.0009,2026/I
33459799-09d1-49ea-b392-3d84386044bf,IK403.22.0.0007,2025/I
87c3d2e4-a671-43e3-b839-49a3fdd63958,KD401.22.0.0018,2026/IV
31dfe620-3549-44ee-9666-d60e894c11ea,TK203.21.0.0007,2026/II
c12afe97-78f3-4c47-a8d1-786a265dacad,HP201.21.0.0009,2026/I
719ac223-5c0e-4854-98c4-05d32ea92279,TK202.21.0.0009,2026/IV
7712a299-5585-4cc8-b00d-724da25c7c55,KP204.22.0.0015,2025/III
abc3c8df-dfaa-4977-8e50-e014c39d0292,TK401.21.0.0006,2025/I
3bcf4b4a-4ab1-49e0-bd92-bf482f54d907,KP401.20.0.0012,2025/IV
0b88b979-731c-4763-9cac-7909b5c6d229,KP110.20.0.0016,2026/I
f528ce36-f82c-4b63-b811-88e16d380c32,PS101.22.0.0010,2026/III
bf817670-39ea-45d5-93a4-df9ffbb2d261,GE101.20.0.0015,2025/II
d112b2d3-d6f9-48ff-b15a-61c4c1359f45,KP205.20.0.0013,2026/II
d443783f-fa57-460e-8583-11793ab95441,KP102.22.0.0013,2026/IV
85604c05-b63e-4a90-9da8-b80db41e84bd,EB202.20.8.0001,2025/I
d74c4c31-8dad-4c78-91e0-e47c29159d90,EB102.20.0.0010,2025/II
92212cb4-9dbf-4911-8db7-0320cc82d0ec,KP203.23.0.0010,2026/I
a37ac560-65b7-4e70-b2cf-b0814153408e,KP201.22.0.0007,2025/I
10afcedd-7b27-40c8-a57d-40522a091757,IK102.22.0.0013,2026/III
5fcd9262-7bbd-4d90-92ac-be867e2efeba,KP110.22.0.0014,2025/III
28a10131-e977-4ab1-a567-672f724236fe,EB101.21.0.0008,2025/IV
73cfec09-b8c4-4984-a446-b5c7041a4138,EB202.20.0.0011,2026/III
6e1ac84f-722a-4f03-b01e-f1519b34de2f,FA401.22.0.0016,2026/II
61adb76d-f257-4a5f-92fa-d4af822e8675,IK202.23.0.0007,2025/IV
1c08e1b9-c12a-43da-9d05-046e9a6f1a2e,EB102.22.0.0010,2025/IV
c86cb65a-f860-45ab-925f-e2aee641ba93,FA201.22.0.0011,2025/I
8ba6c7a1-cfb5-4aa7-ab0d-1567f2c9fc3c,IK401.23.0.0012,2025/IV
b9a8d88e-6dae-430d-9ce4-68dcd918106d,PS401.24.0.0010,2026/II
6639b240-b200-4ce4-8772-ee2f9bd8358d,AI201.23.0.0015,2026/III
6a4793df-58b9-4d13-ae32-20a75970274b,GE101.20.0.0016,2026/II
5710880c-63d4-49aa-91a2-ff964514c398,KD101.20.0.0018,2025/II
5eea3701-dfd7-4607-b8f6-d1b3d6b52bb5,IK201.20.0.0009,2026/III
0a3e56bf-7ccf-4012-bdf8-9839280a243a,GE101.20.0.0017,2026/IV
ffb98219-266a-41ad-acf8-a04fab326f3d,EB102.21.0.0008,2025/II
d60bf6c3-932b-484c-8afe-107bcff8175e,KP106.22.0.0012,2026/IV
f0fb44ea-9249-49a1-9af5-a32c28abc0e6,KI201.23.0.0009,2026/IV
77e0b0f9-4cc2-4126-9b30-28e0aa47037a,KP106.23.0.0009,2026/II
f22e18b5-9067-4b92-8e91-5bec2bbb73c7,EB103.21.0.0010,2025/II
0dbd95d1-a837-47c5-8855-7c95b3792859,KP106.22.0.0011,2025/III
13983eb0-6896-4b2c-800a-71fad6194b01,TK103.21.0.0011,2025/I
839d1d5f-8755-44a4-b887-cfe2f3928e69,KP110.21.0.0007,2026/I
27ec4373-8f70-4a78-8b32-6145da761903,FA101.22.0.0007,2025/II
471a218e-e521-42e9-9ca3-15c2fc359cbe,TK104.22.0.0009,2026/IV
d7701931-f8d9-4402-b73c-62fe73471cb1,KP203.24.0.0016,2025/II
c1dde866-5a04-412b-9f43-471e90b80dc9,IK201.21.0.0005,2026/II
43e8330a-eb94-4ab9-ba93-1078c25772b1,KD101.22.8.0002,2026/III
b6b7fd0c-17a6-430e-bd68-34d66ed39260,KP108.20.0.0012,2026/II
c14ecaa1-f753-4f8b-940d-1c3b5cd5466d,KP401.22.0.0012,2026/IV
3ae68cde-4a55-4645-8087-6290a0265d63,TK102.20.0.0008,2026/III
7c4ece22-99e8-4d8b-a957-1d8a36f0839f,AI101.22.0.0010,2026/IV
c70ec67c-caf1-467d-91db-f69a0021b773,KP204.22.0.0010,2026/IV
1c220cc5-b697-4edf-aa23-fdd879cf90ed,KP107.22.0.0019,2026/I
c27f4d33-cb0d-4edc-a7e7-5f28fec22725,KP401.20.0.0011,2025/II
6700d330-bffb-44cc-80ba-a05789c99101,AI101.22.0.0007,2026/II
020b413e-cb78-4c87-87ef-f1456b25fd57,AI102.20.0.0010,2026/II
eb834d11-75a0-4a77-be21-e924c5f853b5,KP106.21.0.0014,2025/I
640197b1-bc95-41ac-a78f-cf41c84c9afc,KP204.22.0.0011,2026/II
1a43a137-4940-418c-8bed-f7df870d42bb,KP103.22.0.0014,2026/I
20283008-3443-47ef-9a9d-cb7c80a4e36b,KP109.20.0.0003,2026/II
45863c1b-e4db-4b5b-a4c2-af2fbe55ff3f,TK103.22.0.0016,2025/I
7fd5de92-a855-49ba-83b9-8c1904779f49,KD401.24.0.0013,2025/III
9e91b93b-660d-475d-a369-111d806c61e9,KP111.20.0.0008,2026/II
406dd889-03f0-41e3-99b5-03225f016cfd,TK203.22.0.0014,2025/III
4fcfbb22-53a2-44d0-b62e-995323e3e4e0,IK402.22.8.0001,2025/I
d234b5cb-5154-4946-84c9-e0a83d3c7909,IK201.23.0.0009,2026/II
bcaa6345-f560-4c0b-8d82-c8c5646ecb04,KP201.22.0.0011,2026/IV
32704fc6-4581-46c6-b9b3-6f99a366966f,EB101.22.8.0002,2026/IV
991d4321-5099-43c7-8448-3a059920993f,AI201.22.0.0016,2026/III
e4cebb20-6d08-4e44-b9cb-57e06387397c,AI103.21.0.0009,2026/I
3da26f2d-9200-48b2-8e28-83ce125af028,PS401.23.0.0015,2025/IV
0602e473-8721-4758-8495-736fcb137041,TK201.22.0.0008,2026/II
7b9877c8-793e-40a4-b089-922b79271968,AI201.24.0.0009,2026/III
126713c8-21ff-4ebe-89cd-67f80578a872,KP105.22.0.0006,2026/II
47b0520e-a441-4c39-9363-f007c91882ae,AI202.23.0.0017,2025/III
790e7e17-4c0d-471d-9fa8-0c6b75737cc4,AI101.20.8.0001,2026/IV
e315c252-1c14-4df7-9969-2df07d381968,KP203.22.0.0004,2026/II
19f04d4b-66cc-4c2f-858f-738e396daeb7,KP107.22.0.0018,2026/II
b941e4e0-eb01-4a0c-8999-9197665b616a,FA101.22.0.0009,2025/III
a2cf7207-4226-46bd-b1e5-eab7d18e454a,IK102.21.0.0006,2026/I
a654941d-dc87-4771-a8d0-d5134caf73fd,HP201.21.0.0011,2025/IV
baa43e9a-acc0-4bfe-b1be-79a05b40f2c3,AI201.20.0.0008,2025/II
34f47774-3a9f-4d5c-bdea-2e7962a5abfd,IK402.23.0.0016,2026/I
79bdd519-3ff3-4181-947a-203f7aeec770,KG401.20.0.0006,2025/II
3394f91e-973e-4d61-9a70-f8f02c6f689c,HP201.22.8.0001,2025/I
d51797f7-6ba2-4c00-a297-e87200230f8d,EB101.23.0.0017,2025/I
7111b104-2bd8-4b76-9865-c25f035c7621,PS401.21.0.0010,2025/III
8e230122-cbbe-4feb-b046-7940927ce2fb,IK201.22.0.0013,2025/IV
fbd7fba2-1934-4cc3-9fb0-6657bfda0b2a,EB201.20.0.0007,2025/II
9bf41578-e2a6-4d97-bda9-f0f43dbf3d7d,EB103.20.0.0011,2026/III
e30d6f7e-67f9-447b-93b3-b9b5536c9559,KD101.20.0.0015,2025/I
0b336fe6-729d-4a75-9d7d-5ddfadae07e2,KI102.20.0.0009,2026/II
2fd26e99-a02e-423f-892f-46e1938cc49c,KD401.22.0.0014,2025/III
224bf480-a54c-42e3-aa36-60a53226dfb2,FA101.23.0.0009,2025/II
84b2af9f-f632-4992-85c3-36a9c873b10b,KP111.20.0.0009,2026/IV
d7684eb5-a0db-40e4-a918-56132fde8d36,KP103.20.0.0010,2026/III
b03f1307-cb59-4736-9b1f-297388bbf311,EB202.24.0.0011,2026/I
265a571f-f4a0-47bc-a3d0-5997e44fdddb,TK202.23.0.0016,2025/III
e869f71c-c543-4c3c-b71e-38939a1130d4,KD201.23.0.0016,2026/II
e3779dd6-568e-4000-bd5d-6b83fdb1c8de,FA201.21.0.0014,2025/I
5475703c-961a-4356-b0d3-62b6eb74c8d2,FA201.22.0.0007,2025/III
1fcb53c7-533b-4108-874d-332cce3ec724,KP203.21.0.0006,2025/IV
dac3a196-f74d-4018-8e32-0c0e42217143,TK101.20.0.0011,2025/III
1d54c256-b0c2-4a08-ab02-c1d3cfd71c5c,KP105.20.0.0010,2026/IV
198f4b71-5a30-4f21-a615-cbbd48bcc3b6,FA401.21.0.0010,2026/I
eb3db28f-5ab5-4779-9cd8-6c4aa666b23b,KP109.20.0.0005,2026/III
6ad3bb75-0c12-4cfb-be56-b7d9d2fb66f7,TK203.22.0.0015,2026/IV
ff692d5c-017a-443b-a587-82246199c3ee,KP204.20.0.0014,2025/II
cc22bd44-4ffc-488d-95b2-58c7b0d84e56,KP203.21.0.0008,2025/I
f3e940a2-16e7-4dbd-b182-bc38323a112a,IK402.21.0.0012,2026/III
700825c2-ae17-47a2-9708-40a4d85cc517,KP204.21.0.0013,2025/I
e1628d25-4c89-477d-a459-22f5bc3b45ef,TK106.22.0.0012,2025/I
f5aa744a-e9f2-4eb1-a485-3ef36cf0e8ff,AI101.21.0.0013,2025/II
06d1d525-bc6b-40a2-9962-ffa9b39d6c5d,KI102.20.0.0016,2025/IV
4490027f-eff4-4a92-b4c8-ceabef6121ab,AI102.20.0.0020,2025/II
52808657-2683-486d-9cac-7af59a545a05,HP101.22.0.0007,2025/I
d42d111d-82d4-48bc-8e7d-bd4e65a9dd05,PS401.21.0.0012,2026/I
91f5e12b-6231-424d-b70e-45e4e47a1585,KP203.22.0.0009,2025/III
e3806280-3782-4d4d-b7a8-aed7cd4b1069,AI202.21.0.0011,2026/II
f26aa1ca-218e-4602-95b9-c18699ebd70f,IK201.23.0.0013,2026/I
76a1d005-c210-4102-9b70-e06fda6ffbd0,KG401.23.0.0018,2026/II
56e05c8d-3459-4de9-9850-30d639e16c12,TK107.20.0.0010,2026/I
7b2f610b-4eea-4090-bdb3-3e3158b9b623,AI201.21.0.0010,2025/III
f4dc75d3-4796-4219-aaea-59ad36cca894,TK104.21.0.0010,2025/I
155a0a81-7012-40d4-9ebd-1ac98ffa9813,VK001.21.0.0012,2026/I
c0bf3d8d-a725-436d-a684-dbfa873c5fb1,IK403.22.0.0011,2025/I
f9f04df9-78fc-4626-833c-5bb17b51ccbb,FA201.22.0.0014,2025/I
bb0c6b73-89aa-4442-acad-01cee09edd70,TK201.24.0.0017,2025/II
b4b03c4e-f7f4-4bac-ab34-3079420ec866,TK101.20.0.0015,2025/IV
0d6e65e0-05c2-4b95-83e8-7e30c893f639,KP205.22.0.0014,2026/III
e5bf2f98-bb3a-400a-9ca4-da5236ac314a,TK107.22.0.0022,2025/IV
a3db11b2-2395-4f0c-9980-6ea1a3eae1bc,TK201.22.0.0012,2026/I
0cb3adf4-f7e0-455d-a18a-12537a5941ad,KP401.23.0.0017,2026/II
bc61c283-486c-4e8a-825b-4ade739bc9c7,KD201.20.0.0011,2025/II
0fbf6404-52f0-43bd-9a40-c44ee7b5e67d,HP201.22.0.0019,2025/I
f3594224-e112-4c50-96cd-88ccda61ef79,HP101.21.0.0010,2025/III
5b6b32fe-a4f0-4fee-baea-6802416c9168,KG401.24.0.0027,2026/IV
e1052824-5ce0-4ef7-ab61-005cf88bc5c8,KP102.22.8.0002,2025/III
d4746eb6-9a42-42a0-b52e-ec24d5c58d69,EB103.21.0.0015,2025/III
87bf6432-3738-47c5-9ed1-3ad73198df5a,TK202.23.0.0031,2026/II
fc5593aa-0ce5-4e30-b6d1-8846eebee4e3,KD201.23.0.0022,2026/IV
efb60303-6759-4e91-b98e-852179c4d143,KI201.23.0.0014,2026/II
b8e02012-6e00-47d2-8317-63864639b5c3,FA101.21.0.0016,2026/IV
31745460-08a5-4939-b93a-df3cd1dae755,PS401.20.0.0018,2025/III
55faea0e-854f-49a0-82a8-ab5051ddb2bd,KP103.20.0.0016,2026/I
9bbcd9a9-09d4-45a7-bfab-9a6409d07fdf,KP107.22.0.0023,2026/IV
b3d670e7-c187-4513-ae6a-82fd34424092,TK106.22.0.0015,2025/I
8f7e9c6b-aae9-4178-8204-b928c5ff9e13,KD101.20.0.0021,2026/II
d3ac265e-7140-44d2-8ad1-7363f9216000,IK401.23.0.0019,2026/IV
0b7104b2-28e9-4216-b61f-bd32ed8f348f,TK203.22.8.0001,2026/IV
96eec127-37e9-4d9e-9660-5b686b72bdd0,TK101.21.0.0018,2025/I
8d458c92-65fa-45e3-b41b-625e0d183b66,KP101.22.0.0020,2025/III
6e3d2985-4b75-49df-bdcb-594315b47c3a,KI101.22.0.0020,2025/IV
0146d893-8760-4447-9895-0ec4e6a17eaf,KP111.20.0.0015,2026/I
c9954ee8-a4f2-4e23-9226-1017042538d4,KP201.20.8.0001,2026/IV
115a45b2-ba84-4fe3-bbdb-0b33fc819311,PS401.24.0.0017,2025/II
12039f61-e6b0-4098-999c-d43240e46aad,EB202.24.0.0019,2026/II
78e9eb6a-daa0-4e8b-9f2c-63d5c9a52d69,KP109.20.0.0014,2026/II
97c671e4-6314-4a59-8836-351043b751b6,TK201.22.8.0001,2025/IV
92e6a601-26bf-449a-b3f3-36c6a6252a10,IK401.23.0.0020,2026/I
ddd9b977-b1ed-45fb-a6e6-3d816a6bd2c7,AI101.20.0.0011,2026/II
acf576db-0804-4e9c-aab0-60fcc3c06eec,KP203.21.0.0013,2025/III
657d1eaf-3ec8-4a40-88dd-e9e3d3277cd2,IK403.20.0.0013,2026/II
de7f9c22-89f7-4dc5-858f-ba1e8c7304a7,FA201.22.0.0015,2025/III
30ed8271-4e34-4074-b5e2-22cc0504f163,TK101.21.0.0016,2025/I
a0d70764-5e21-4c41-a8b9-258470125706,KP202.21.8.0001,2026/II
bf93cfaa-ade4-481f-8e8f-44ec513f061f,IK104.22.8.0002,2025/IV
767c1dd7-8187-48fd-bf67-22b1daa5e641,HP101.21.0.0011,2026/IV
4983c29f-be14-4975-806e-e50106082c78,HP201.22.0.0020,2026/II
656d1000-b9c2-4813-8007-b9b8e78dbf9e,KP109.22.0.0018,2026/I
398399a5-fd8c-4d25-96f8-7eb509afe386,IK101.22.8.0001,2025/IV
f7e19622-0fcd-41b7-a1b6-d37fb81dad90,VK001.22.0.0014,2026/IV
fe6ebfe1-dec8-4edb-ab40-5f4f1e2203a5,KG401.22.0.0020,2026/I
b5325e00-94d8-4b5d-899a-9ce99c510cc3,KP401.23.0.0019,2026/III
50402727-fa1e-4702-ad12-72317fce2d58,IK201.20.0.0015,2025/II
4614c3c8-a947-4a04-b3af-f9d750c25f3a,IK202.20.0.0012,2026/III
9b80ba64-0dda-4e33-bc1e-3ee5dc9982e9,KP102.20.0.0011,2026/I
6d68b8d1-1b01-4b10-b730-a9afbff65c1a,AI202.24.0.0014,2025/IV
b4a288f5-cf8c-43bb-8b25-8b26446327f1,KP401.20.0.0024,2026/IV
56a2dca1-a0b6-4c98-addb-c39f5123aed3,KI102.20.0.0015,2026/III
306cdb9b-3a48-4ea7-8629-f98611b16231,TK101.20.0.0016,2026/I
2ae7f59d-2560-40b5-b4e0-7ed04a4894f9,TK201.22.0.0010,2025/IV
43ae06aa-4179-49fb-9212-243edec828e1,KP202.20.0.0013,2026/III
f073ce2b-82c8-475f-b977-c1e372f7ef54,TK105.22.0.0016,2025/III
7de77926-31c5-4c2a-9893-6c5da4e586bd,KP205.22.0.0015,2025/I
5218a9db-96df-4b6f-98ce-a8ee685f8c48,TK202.22.0.0019,2025/IV
a0b967f1-c512-42c0-a129-a251e2c40e35,KD101.21.0.0008,2026/IV
91da4a95-2359-431c-ab0a-e59f44b50c57,TK202.20.0.0020,2026/III
a6f44eb5-3d58-436f-8b7f-a4105d2df94e,HP201.22.0.0017,2026/IV
fc17172f-8b13-4eb4-8085-d7acbf19687e,KP110.23.0.0021,2025/III
1a38e86f-a331-4c79-8d2b-4b4999761c9f,KP109.21.0.0008,2025/III
d977b80f-d89d-4f30-abcd-4b908d992dfa,EB101.20.0.0018,2026/IV
b25b1244-11ec-4658-9e03-60e9ee4eb2a9,EB103.21.0.0012,2025/III
cf29144d-7341-4288-a0af-f79104e93f71,KD201.20.0.0014,2026/IV
2bfbb17f-2b51-4960-bb5d-b47ae45a1385,TK106.20.0.0021,2025/III
620568b9-4e2c-4593-9713-fbaaf438fde5,KD401.22.0.0024,2025/IV
4065266a-aa79-4232-a1f6-f3ea78e6ed87,IK101.20.0.0013,2026/II
2e3878be-2ee7-45cd-b7b6-3e51604b6382,IK102.20.0.0023,2025/II
01004fa8-e3a8-4b3a-9ffd-2f30f6f8813e,FA101.20.0.0017,2025/IV
1bc21f29-e148-434c-8b21-43c2abb89f0a,KI201.20.0.0015,2026/III
39a47795-84a2-403f-9a78-71f07bf1fc65,KP108.21.0.0009,2025/III
65c7ce71-1add-4b86-a55a-4d56637bde8c,KP106.20.0.0016,2026/II
58dc620e-0bdc-46de-8490-a2f4f2a2910d,KP203.21.0.0012,2025/II
26a7efae-418f-40d7-93f0-ff4d2e090311,IK104.20.0.0018,2025/I
72727d42-c58f-471c-adb4-be503eb1c5a8,KP101.20.0.0018,2026/II
85ca9def-41b5-4b92-8c5a-1420e734752c,KI102.22.0.0021,2026/I
481073c0-9dfe-4866-8192-ee23b4891ca9,KI101.22.0.0015,2026/IV
c054ceaa-ca99-4f0f-81de-28fd417aeb85,IK403.20.0.0011,2026/I
0300b61f-9766-4e55-9801-8ed3e3d00920,KG401.20.0.0012,2026/III
db35e999-2911-412d-83d5-877aac5dd1bc,KP205.20.0.0014,2026/IV
93b6a74e-f993-4081-b444-276401668c58,KP111.22.0.0014,2025/III
6c329bd9-efff-475f-88c7-b073f4f4b500,TK401.22.0.0019,2025/III
d7e9a410-5929-4df7-acb9-7db580347669,AI202.24.0.0015,2025/IV
bffaeabd-037d-47a2-bc6c-6b6952a61485,TK401.24.0.0024,2026/IV
ed211158-7be3-43eb-8852-d3c0f88f11cb,KP103.20.0.0017,2026/III
b7e7076b-7bab-45ba-b81e-94ddfac87468,IK101.20.0.0016,2025/I
6e8621a8-2afb-4103-ad1b-26350351d6b3,TK106.22.0.0016,2025/I
b1d2f0b3-4909-40aa-a7ac-48d2dc8e9ee3,TK105.22.0.0018,2025/II
f355e4a3-0542-4481-babf-627be3e283e8,EB103.22.0.0026,2025/I
180f2f1d-46f6-4633-b2a6-f552b10eede1,KP204.21.0.0014,2026/IV
4e74fc16-384c-46aa-b584-d36095a6dff2,HP201.21.0.0014,2025/I
8ea27917-75c1-4450-9b4f-2db51eb7df04,FA101.21.0.0013,2025/I
c06d2d9e-c12d-4ca0-b87e-13426dd093d5,KP106.21.0.0020,2026/III
e39afd7e-cb95-4925-82ae-0d014b1b1c67,KP204.20.8.0002,2025/III
2cacb613-d79d-4d20-a50c-70e277f102a6,AI103.21.0.0011,2025/IV
1d385a4b-60f6-464b-aa95-6fd7578b4db0,TK203.22.0.0020,2026/II
a9fdd2fa-b29c-411d-9aaf-025d03daf0e8,IK403.20.0.0014,2025/IV
7c740014-8115-4a6b-94ee-af255d56cc7f,KG401.23.0.0013,2026/II
5e6282d8-23d6-4cf8-b7eb-68eb73bbb56b,KG101.20.0.0019,2025/IV
6e415a13-04fd-42f1-96a9-191474b09d5d,IK403.20.0.0012,2025/III
aa0c5476-e960-463b-8b66-19945a1fb92b,KP106.20.0.0014,2026/IV
60605227-3317-406a-b898-5357ea8194da,KP106.21.0.0018,2025/II
a9136c48-9634-410b-bf5e-5e8d3a69cb29,KP203.21.0.0014,2025/II
6005068e-4385-437f-b20d-68657c74b89b,PS401.21.0.0011,2025/I
3ec84e4d-b8e7-4b5f-845d-23a7bc465544,TK101.21.0.0017,2025/II
316a18e9-8872-4427-8a63-2a1ffaf76007,EB102.23.0.0017,2025/I
998e66b7-f744-4b62-90bf-f06ab7927b37,HP201.23.0.0020,2026/IV
75827843-8ba5-428a-a32f-9e2bc25f9850,KP109.20.0.0015,2026/II
cba488df-6504-4627-9fbb-82571c118a7b,KP204.20.0.0016,2026/I
ddd59cea-9012-4b18-8f16-b64d4fac4864,IK202.22.8.0004,2026/I
33b969d6-3dd2-4f22-a84b-0a6fff796fd2,KP101.22.0.0019,2025/I
1b31da92-958b-408c-8e82-283f6304214a,IK402.20.0.0009,2026/III
c39c9fbe-65e0-43e1-8ccf-50b6cf74e9e4,TK104.20.0.0016,2026/I
a4954af8-22ae-4079-b65b-23863fab8ea2,EB103.22.0.0024,2026/I
d19e9f15-4b6a-4559-9af1-696bd041a73a,KP110.21.0.0013,2025/III
d449f84a-0a62-4c77-936d-fecbed0463f5,TK105.23.0.0022,2025/II
954d0809-89ae-48e4-808c-20bceaae15b3,EB201.20.0.0009,2026/I
e45b7e11-9f0c-4829-ba70-9e8455888254,KI201.24.0.0021,2025/I
affcb1a1-e2e3-412f-a5c4-75f9a6ba9498,PS401.20.0.0017,2026/I
4eb7d3f7-f038-4f57-90b8-01c5ef8dac0b,KG401.23.0.0015,2025/I
a26ae657-09ad-4237-be1c-9f225e694411,IK402.22.0.0025,2025/II
a6e15947-c9d7-4446-acff-6bddb01abed2,TK107.20.0.0012,2025/IV
1c19fc6e-3dc5-4c5d-85ea-97ff2755b461,KP205.21.0.0005,2026/II
e376409d-f7c3-4abf-8c2b-d980174af41a,AI202.23.8.0005,2026/I
a7337708-039f-4098-ad8e-c0997e04bc77,KP202.24.0.0025,2026/IV
f5f6a84e-44f7-4580-b8ec-e79ae2f61f0b,EB202.22.0.0028,2025/I
0e3972d5-714b-4132-8312-953234f4a183,TK201.20.0.0024,2025/III
60e40232-4b7c-45ec-be54-50a154705f1d,TK107.22.0.0026,2026/II
9595fe6d-02a5-4951-a229-06fb4f167b7f,IK202.22.0.0021,2025/I
8863a196-5581-4721-a98c-f1bbfcedd628,IK201.23.0.0019,2025/IV
131d1a5f-cadd-4df5-b54d-770b8d9316fb,KG401.21.0.0013,2025/II
45afeeb2-4ca7-4514-b5ff-5e16abc135c9,EB102.22.0.0023,2025/II
4f32ae19-8f34-4b24-8185-7d595afb6cb8,KP111.21.0.0016,2026/I
fb1b724d-06ad-4def-abbe-d6f1ea6d2edd,AI101.21.0.0019,2026/IV
34611279-d90d-46fa-b9ff-5de6058d35e4,KG401.20.0.0019,2026/III
48e324bb-8a43-4af6-861e-4439ff5d424b,KI101.22.0.0024,2026/I
8e6aa367-3ba3-4f84-8f09-a0f89d3adbe0,EB202.22.0.0027,2025/I
5291f9fc-d93d-4861-8f8a-f940742f59c4,PS401.24.0.0022,2025/I
38e78958-51c5-453b-a2fd-e82e8c9a4d4e,KG401.22.0.0023,2025/IV
ff5c48a2-0c79-4f6e-860d-17dda21ecaab,KP202.22.0.0030,2026/IV
6f5cf986-e471-4e14-ab51-960aca043c1b,KD401.20.0.0024,2026/IV
0ed06b2a-04d8-4920-a841-88b043a85cf4,KG101.21.0.0019,2026/II
06148447-fce9-4763-9904-efe279d21f40,HP201.20.0.0021,2025/II
20130ca8-de27-4932-92d3-dac8218e8406,PS101.21.0.0011,2026/I
4e2a156f-8134-4348-afd6-802836b8a370,AI201.22.0.0024,2026/IV
8e5c6c3d-68f4-4cc4-bcd2-0f3ca2a60557,KP105.21.0.0015,2026/II
2a72e620-6ebc-4146-9ecc-d3e064608ca1,IK401.22.0.0030,2025/I
81987361-d0ec-4d94-bbc6-f85728349685,EB103.22.0.0032,2025/III
c33e531a-fffa-4c01-9df1-b1a43adb7bb8,FA401.20.0.0025,2025/I
d703d0a6-597d-41d6-85da-bd5c70977567,EB101.22.8.0005,2025/I
dcb949f3-c1ef-4878-9fa0-eeda8d8c184a,KD101.20.0.0025,2025/IV
acf7d7e7-a5be-45c9-958f-a22aa1a2646d,PS401.23.0.0025,2025/I
35c27458-4e0d-4ee9-9093-07b8f39d040d,KP204.20.0.0020,2026/II
ecaef0b1-99e7-40c9-ab19-6a1c269e8dc4,TK105.22.0.0023,2025/II
4136ab68-6c97-45de-ba3a-d394f93076d9,TK101.22.0.0017,2025/I
5eb8543d-07ec-4218-beae-477631a6f478,FA201.22.0.0021,2026/I
06ddacee-5266-4600-83d3-9c4a1ad05033,KP103.22.0.0029,2025/III
f411e126-fa25-4c8b-bf8c-6f43125916ef,PS201.20.0.0023,2026/III
3b92816b-5bec-41d3-9d33-ede52bd03f92,KD101.20.0.0024,2025/I
7ee33b4b-c559-4395-9ccd-6749a8937915,KP111.20.0.0018,2026/II
67799697-b375-424e-899a-3ee78b798cd8,TK201.20.0.0025,2026/II
d1291af9-ce6b-49e7-8664-5eb4fce054a0,IK403.24.8.0007,2026/I
84221b24-3028-4599-b95b-4296f193cd8c,KD101.22.0.0021,2025/I
392d2d54-564e-4ac9-8c19-f1dfad218792,KP204.21.0.0016,2026/III
a8118710-f766-4916-a60c-d2723c48702b,KD401.20.0.0023,2026/III
099a4239-28d5-4fc8-bb73-97e63ab77fe8,KP201.24.0.0030,2025/IV
9713502a-61b4-41ed-af23-3692ccd96135,KD401.22.0.0033,2025/IV
e18346f5-f8c1-482d-84e3-1e64c818c47e,PS201.22.0.0016,2026/IV
ef1b010e-3b93-45ac-9081-4d76d51ce71a,EB102.21.0.0014,2025/IV
6d87120a-29d4-418a-afda-3070ce6c6845,TK202.20.0.0026,2025/IV
a480e03a-c162-4185-b5b7-bb99e4dfd03c,TK107.22.0.0027,2025/II
3c9937b2-2133-472b-a0db-1a578e89e0d5,TK105.22.0.0024,2026/IV
053449b0-f8f5-4286-b5ca-c17e0e148b33,KP203.22.0.0012,2026/I
5550814b-5caa-43b4-8fe6-9cb848a80534,KP202.20.0.0015,2025/II
08f60fbd-7f57-45f1-91d2-cbe7386028a5,TK401.20.0.0018,2026/II
fed40c73-d33e-45f1-90ff-e2ad67ff63be,EB201.21.0.0017,2025/IV
f5271546-94ec-4ed0-9321-875a4643524f,IK201.23.0.0022,2026/IV
f99e694f-203a-4ee7-ac7a-417ca8bf03d4,PS401.20.0.0023,2025/II
703e55ed-53f8-45b2-8775-a4e60ba941f1,AI102.21.0.0023,2025/II
2989a832-ef5d-4ec0-b94a-f0416574f8c4,IK402.22.0.0026,2026/IV
8f620ea3-69c1-4700-88d5-f8514b8c24c4,EB201.22.0.0020,2025/II
04e3679d-775f-48b9-995b-ec6b544f8001,EB201.20.0.0012,2026/II
71607217-f853-48e1-af96-db9f5249e121,KP205.22.0.0017,2025/II
48da441f-d3a0-4f9e-aead-ce209a2af7cc,TK105.20.0.0025,2025/IV
22be0951-c495-4d11-a9ed-772ed7c83b30,IK104.21.0.0018,2026/III
b62053ee-a1ae-47d3-9936-8c168cd3d71d,FA101.21.0.0021,2026/I
7bb4ad3d-ba17-44dc-a05a-e2383a013c5f,TK104.21.0.0015,2026/II
9f64ff51-6c96-421a-a45c-45588916850a,TK102.21.0.0015,2026/IV
019ce949-0596-452e-87e6-639512723f7a,KP102.20.0.0017,2026/IV
b3419b62-255b-433d-8774-e847203176fc,KP104.22.0.0023,2025/IV
d5757ba0-5adb-449c-8b51-4a2ef2c63d46,KD401.22.0.0034,2025/II
01eb075a-d903-4857-9097-aaf3b04a9679,IK401.22.0.0031,2026/IV
a9134570-332a-4113-b517-5cff0de93d30,PS201.22.0.0017,2025/IV
58d3fe79-51c9-4eac-8267-0e03068716d4,HP201.23.0.0024,2026/IV
b6a85f84-3967-4fca-a01a-17de463d249e,IK401.22.8.0002,2026/II
5c2a2fda-8f36-48a2-99a9-fde2fbd500f3,KP202.24.0.0029,2025/I
6fc8292c-6363-4c29-854d-f0e4e14de5ad,KP202.23.0.0024,2026/III
6b44adbd-5dd9-463f-8968-45ee2e4ea311,AI202.21.0.0016,2026/IV
8a059f0a-844b-4b1d-9f79-3032dc98c941,EB102.23.0.0032,2026/III
fc794186-f605-4e8e-96be-dc3825c9e2c0,KI101.20.8.0003,2025/I
be185631-0cb6-4bb0-9dc5-3dae570bb0ce,TK101.20.0.0023,2026/II
665b77c2-1ad4-4254-aecb-92c148b202fe,KP204.20.0.0023,2025/I
2f23ad82-7687-44ac-8449-86fcacf3edb0,EB102.20.0.0016,2026/I
b6af66da-194a-4c40-9785-d4696c7e229d,VK001.20.0.0023,2026/II
02432415-6fad-49cd-a944-d80b2d0cb3de,KP204.22.0.0022,2026/IV
d2e8ba63-3ec6-4952-9b17-c3d1c8ab796b,KP401.22.0.0025,2026/IV
66c3405d-8642-46c6-971f-b5ba2b201148,FA101.21.8.0002,2025/II
ea0006e1-468b-4075-9fb4-9a4f61cd2d7b,EB101.22.0.0027,2026/I
00c7617c-224c-4e04-acc2-bcf383f19dd8,IK401.21.0.0016,2025/III
d366a543-c4fa-4f8a-9100-bedec7af34df,IK103.22.8.0005,2025/I
7bc1eb9b-0351-425b-9f15-b1f18e4d5f88,IK202.20.0.0021,2025/II
25774ff7-dd36-4f85-ad6a-26a4b8547366,PS101.20.0.0017,2025/III
2d84cc25-f291-4e5f-b99e-4aed5a02f732,TK401.23.0.0036,2025/I
2e2cbbf8-2a15-49c0-ac51-13482942ff0f,IK402.20.0.0018,2025/I
f0147a5b-1000-483c-bb0c-c5eacc9340f4,TK102.22.8.0003,2026/I
08b3b50e-02b8-4e73-bb48-5f070796274b,AI201.23.0.0031,2026/I
c9e50d64-edbe-4748-aa42-5f1c5efaeec2,TK102.22.0.0020,2026/III
d2b45cc0-87aa-43fa-b5f2-8ceb27a50045,HP201.20.0.0005,2026/II
189f0869-97b0-46a0-8c2d-c00907f8a6d7,AI101.20.0.0005,2025/III
2ad97e29-5ca5-4db0-99dc-9b19c9c15999,KP202.23.0.0006,2026/I
5b084cc4-24f5-438e-b3b6-15ab39f039d8,KP105.22.0.0001,2026/I
259d229d-b856-4f85-bcd2-a981adaea3fc,AI202.22.0.0004,2026/I
a6012cfb-dded-4c11-beca-2d9473ecfabf,AI202.23.0.0006,2025/I
9d0b146f-cf1d-46ab-a83a-c0a73922290c,TK103.20.0.0002,2026/II
c6dd1e91-1ba3-4fdf-984d-736ec9b2c864,AI102.22.0.0005,2025/IV
aa74284d-2bfd-4292-a76a-03bcd5296f1a,KP107.23.8.0001,2026/IV
dae7778f-c199-4a25-97e6-35a86b2a995b,KD101.21.0.0004,2026/I
dc24ff87-b7c6-461a-ab64-832aae37f000,TK107.22.0.0005,2025/I
f05361f4-f7a3-4ec7-a92e-1fe0666ea67d,EB101.21.0.0003,2026/IV
33c95f6e-eac3-458d-b217-593d5e50849a,KP109.22.0.0006,2026/III
7aec1808-fb35-40c1-b77c-456b0bdbc852,FA401.21.0.0005,2026/II
06f7d590-f710-4c67-bf38-27ec14be5336,KP204.23.0.0008,2026/I
6553743e-8c97-425b-bfb7-479b5ec26fc9,TK105.20.0.0004,2025/I
8596c69a-10c2-48c0-92e5-93d24af701e0,IK104.20.0.0006,2026/IV
438ead49-90d0-49a4-ac69-b43ae1575676,EB103.22.0.0007,2026/IV
7f495c26-5d72-4a04-b2ff-0e987a0425f5,PS401.22.0.0005,2026/II
a98aeb93-9e67-4639-89e5-d2546cd6429d,TK201.21.0.0005,2025/III
c45a0a93-1ab2-4ae2-b388-5ec407f01fee,FA201.24.0.0004,2025/III
e7a0f852-599b-4382-8c9c-3271b6a9e65e,FA101.21.0.0003,2025/I
bb94c2b2-1ed5-41b7-90b8-f40d3b5aeaa4,FA201.20.0.0003,2025/II
d14a5d16-ae8b-4dde-afc7-ab95fb89282d,EB103.23.0.0011,2026/IV
be4d78b3-ccc0-4c00-bee6-2c5a03e5c47a,TK201.20.0.0004,2026/IV
230f7e0b-9731-483a-8cad-dad966e20fd7,GE101.20.0.0005,2026/IV
9faaca93-bfc8-47fe-87e6-ccb8c57d3add,GE101.22.0.0004,2026/II
288878ac-211b-4e29-a265-f36cf312aeff,KI101.21.0.0003,2026/III
e25ffc52-4d6d-453d-9e8e-b708e4263807,TK202.22.0.0001,2026/III
f7dd39e0-4792-421c-be45-00615ef10645,TK202.20.0.0005,2026/I
a98f2d9a-dec4-49e4-b2e9-1ad050f86849,AI202.24.0.0003,2026/III
ffcff1fa-7ae6-4a9c-8baf-03adc0dcf6ad,AI202.20.0.0004,2026/III
03940708-a4aa-4c86-9093-2083f161cc6a,AI201.22.0.0003,2025/I
47f6b29f-1c52-4eeb-81b7-8a023e1bd3ce,IK202.22.0.0003,2025/I
fbf17d8e-e159-42b1-97ea-084386fb707e,KI102.23.0.0004,2026/IV
84a7c1f4-5f18-4319-9a7b-9d398ca1fedb,KP401.21.0.0003,2026/IV
c4916d18-4bc1-4d5d-a56d-76bfa4b2c70d,IK401.22.0.0005,2025/III
551ca87c-959a-416f-803e-c77ce050ff6b,KP111.21.0.0005,2026/III
653c3f8a-8424-4b54-ba21-60e2c5087c69,HP201.22.0.0003,2025/III
8284428f-504f-41f4-9814-06617e8f03ce,IK401.20.0.0004,2026/II
f986d8c7-4366-449c-87a4-8f9a46a3d965,KP202.22.0.0006,2025/I
b9852ff7-4e09-4089-93e1-f2dca15dda8b,KI201.20.0.0002,2025/I
0ad76f56-b0d6-4b5d-af44-6f5d564e6f56,AI202.22.0.0003,2026/IV
48dd78f1-3bcc-4d2e-8053-bc5848ed303f,KP103.22.0.0005,2026/II
968e4716-fa99-4742-9721-a4a313fd01af,TK103.22.0.0004,2025/III
4f3d7ab3-09a8-47a1-8118-94f7083fcf9f,TK105.22.0.0003,2025/I
7da2f0c1-0ce7-45d2-9554-a6fe60b15b4b,FA101.20.0.0005,2025/II
9827e693-a24c-49df-8d26-240e5710541e,TK202.23.0.0002,2026/I
33ea7551-2626-4f79-ad91-4a632203a30d,IK104.21.0.0001,2026/II
dcfd1ff9-71bb-4a1b-b477-64cb7d8c890a,KG101.21.0.0002,2025/III
d09cd670-c7f1-4b31-bb22-2ebd2c1432b4,AI101.20.0.0002,2025/II
af2d5e1d-1aa4-4396-898f-bf612748064a,FA201.22.0.0002,2025/IV
f835990e-e829-43c3-ab41-ff8390b25d7f,TK401.22.0.0004,2026/I
d70da130-bfc9-4ab1-90ce-4c12905e16c3,KP104.20.0.0003,2025/II
051f929b-823c-4c1a-bf88-20e088e78bc9,IK103.20.0.0004,2025/III
2378832b-8caa-49c5-8216-dd31805a09a0,IK102.22.0.0005,2025/II
13c1c15d-2444-4f3c-8908-05cc941f1835,IK102.22.0.0004,2026/III
fa75ef71-5e96-4b91-bcaa-c824a15284b2,TK107.21.0.0002,2025/II
cde9a780-7e96-4500-8fbf-e0e8c1b30227,IK202.21.0.0003,2025/III
c0d480a6-e92b-4d0c-b0ba-1b04ad3e5cf3,KD101.20.0.0002,2026/IV
d7b01316-ad7e-41d3-8d58-c920a389c442,KP203.22.0.0001,2026/II
0f6fef4b-0ee2-4078-a400-e8c71c50c08a,AI102.20.0.0002,2025/II
40a2d838-e01f-4f0f-ad89-c4afb9465387,EB202.24.0.0005,2026/I
797ceeb8-ead8-417d-b149-13e47c2b3903,HP201.20.0.0004,2025/III
1cafbb10-1574-4b18-8965-9111008f7e4f,TK202.22.0.0030,2026/II
19610211-25ed-4a65-bb35-06c8c4193ed4,KD101.20.0.0029,2025/III
4436afac-591a-4ecf-bf7c-546b8eea8e01,TK401.22.0.0025,2025/III
0a10a40b-70f6-44cd-8326-e946b1618c1b,TK101.21.0.0027,2025/II
e4370bf3-fc7e-411f-abd1-8e902fb83e0e,IK402.22.0.0030,2026/III
3253f91c-fe79-4abc-9389-5f5bc2e826c0,AI103.23.8.0002,2026/I
462041e8-a18e-48f2-b68a-91f881d3bf34,IK201.24.0.0022,2026/I
240c2138-9bd8-41cb-8bc2-1e1c0e6cc2dc,KP101.22.0.0030,2026/II
f2ea8977-3657-48ba-af6d-564c975ecd37,KP401.23.8.0003,2026/IV
c8f8b142-df99-4871-9028-6edffd7c6939,IK101.23.0.0037,2026/II
7647225e-61c3-456d-b926-d67cc5268431,IK101.22.0.0018,2026/IV
a62c6f75-b8e7-44bf-83e9-99e820879a0d,KP205.23.0.0039,2025/III
de02f6c9-b048-4a6f-a7e8-b7f1fe824113,IK402.20.0.0024,2026/II
c76fd46d-b344-4614-ac03-71679f4efc2a,IK403.22.0.0016,2026/III
e6727701-f8a8-49c3-a7e8-226f4ae7d3d7,KD401.22.0.0039,2025/I
a22122a1-5d88-47d6-9da5-8b62c2afddb9,IK402.21.0.0021,2025/IV
da9b1167-667b-4fbc-8c62-8e438c759417,TK202.22.0.0029,2025/II
c9e1ea81-6caf-40f3-952e-457cff048f87,KP101.20.0.0023,2026/IV
da3f4232-df36-41e1-879e-7728b3b63088,FA201.21.0.0024,2025/III
7ffb343f-d227-43f2-8a87-2632af4e4d8a,KP205.20.8.0001,2025/IV
ad280452-09a4-4c87-9b5b-8bf7fcfb788c,IK401.20.0.0027,2025/IV
bcc196f6-a219-4db4-ad5a-addc34c35163,GE101.20.0.0024,2025/I
58d2b2ad-5ef4-4f12-baf2-e21cd2e26523,TK202.23.0.0043,2026/I
448e11fa-abde-4e46-9520-a0953b2be987,IK104.20.0.0024,2025/II
6c220000-0579-49f1-9d2f-07f811c9d1c6,AI103.22.8.0004,2025/III
77e1ae9c-c352-47ee-b732-62d3d587d679,EB201.20.0.0015,2025/IV
2e4702ea-3cf9-44f5-986f-27758651673d,KI201.24.0.0028,2025/II
68583509-ef0f-4af1-a47b-99b11025c4ac,KD201.20.0.0018,2025/III
2c98c41d-761c-44bd-8738-2ba5c49143f4,FA201.22.0.0022,2025/III
d3168a81-f5e1-47ef-8594-9760f761f122,KP205.20.0.0022,2026/II
010dd2a9-73a5-402f-a94c-386e311ddb5e,TK203.20.0.0022,2025/II
b53bb17f-4686-4a27-8bdf-cb10f2d67a64,KP201.24.0.0037,2025/I
95411458-87c2-4f6a-b77d-dff842eae3e1,IK101.20.0.0024,2026/I
d0dc6325-e29b-477b-bf7e-f350d0e30024,KP105.21.0.0014,2025/II
b09b097b-27fb-4c97-80fc-69595c2a3b9a,KP401.22.0.0020,2025/IV
254c4c26-82bb-49de-9130-35f35431a459,TK102.20.0.0018,2025/II
86c04d95-ab5c-4cea-b518-2470d943a476,KD401.20.0.0022,2025/IV
968d3e90-f9d9-40be-a49f-c76fc8a33d5f,EB102.22.8.0002,2026/II
8a2ed349-5c35-4b0f-b0b0-f9d390237f99,KP201.20.0.0014,2025/III
686d0897-9160-48d2-87df-0a8f3b7c580b,AI101.21.0.0017,2026/II
eeaa536d-e162-44de-80ec-eecf40160be4,TK106.22.0.0022,2026/IV
e1f98491-dd38-407d-aef0-f3e3298f6624,TK102.22.8.0002,2026/II
ce9ab320-552f-4f92-a581-f328cd5e65dd,KP203.20.0.0019,2025/II
a216dfa7-bf79-4797-9592-886aaa6362c9,KP102.23.0.0033,2026/III
5e4b1687-b0e4-4a84-8df6-e29cd8757a38,KP204.21.0.0015,2026/III
94e14029-c059-4a63-86c8-1068bf95e3bf,KP205.22.0.0016,2025/II
4c4fe5a4-3d1e-41b6-b540-ac8b50beb43a,KD401.21.0.0017,2025/II
738463d8-105e-4efa-9769-47e47942da91,AI101.20.0.0014,2025/I
97f86b5c-3706-4faf-a1a4-e9a9105fb982,IK101.20.0.0020,2026/II
56a70f31-9d25-438a-b277-ac810d3f233d,KP110.20.0.0027,2025/IV
5d622c0d-7cb4-414e-b169-5be77947f859,KP201.20.0.0015,2025/I
21312459-1449-4370-8ce0-392349c9e872,PS401.22.0.0030,2026/I
1861034a-627c-466a-b59a-048f3d1ffbcd,AI102.22.0.0029,2026/IV
3ed77620-3653-4b06-98eb-76e91296d016,TK107.21.0.0016,2025/II
971730a7-70d3-41a4-b924-9571519e4d4d,IK402.20.0.0016,2026/I
992d1fc8-876b-48e8-8b77-0c93a90349b2,FA101.20.0.0020,2026/III
874fb0eb-da3c-4f43-a966-d371bae46e0e,KP109.20.0.0019,2025/IV
1f755540-8491-4e6c-841b-9846266056f4,KP110.22.0.0027,2025/I
44b074ed-ca32-4af3-be96-84435e91f131,VK001.21.0.0014,2026/III
205720c6-e65d-46b3-b710-03232d9c3a97,KP111.23.0.0018,2025/III
ba3b1356-22f8-410e-b6df-78135f56f80f,GE101.22.0.0024,2026/IV
105fb168-4ca7-4fc1-97cd-612c5600b745,KI201.21.0.0015,2026/II
2b6b78d1-aaf1-480b-b581-d7c6f863d05e,KP109.20.0.0017,2025/II
e148e1a0-08d9-408a-854b-9be643e7f96f,AI103.20.0.0016,2026/III
1d8abc4d-40d1-4697-89f7-d0d86b069b3b,KP203.23.0.0026,2025/I
080645fa-ac5c-4b4a-9b5b-0e62aefdd1c5,KP106.21.0.0026,2026/II
a685e2a4-6368-4220-a900-83724377fce4,IK102.22.0.0027,2026/II
2c2cb854-0a96-41e4-838e-c6294c1d3174,AI202.22.0.0021,2025/I
ba6f9675-0a28-44b3-954a-cd9ee398d86e,AI101.21.0.0022,2025/I
027d3516-284d-4806-85f8-e7e9f0751b57,IK104.21.0.0022,2026/II
fa2cba5f-0dd1-44a4-83fa-1bf01c7817fc,KP106.21.0.0030,2026/III
5f701251-ac27-4bdd-9194-3346e6f7a12b,TK203.20.0.0025,2025/II
a1f2d1b7-7bb0-4807-9969-7df1ee23c56c,KP203.21.0.0023,2026/II
fc6018e4-449f-44a3-bce4-ebb02e15cca8,PS201.24.0.0036,2025/IV
c62a2e81-d0ee-4730-a846-cef72cafe8e0,KD201.22.8.0002,2026/I
4a63d244-1334-4846-9904-277c0293590e,IK401.20.0.0032,2025/III
16c3aeee-b653-48af-b97c-4cfc55536da8,IK103.20.0.0032,2026/IV
f36fce0f-fe97-4389-83cf-ef2fd4676e45,KP203.21.0.0024,2026/III
f3758fa2-e8b1-49c5-b7fc-85cccf93ce22,AI103.22.0.0021,2025/III
48417143-63f4-47de-801d-209ff58ca65d,KP106.21.0.0029,2025/I
473f55db-64cc-4979-945a-ddda6c0d2cd5,KP106.21.0.0031,2025/III
8074054e-9360-49b6-8af4-b39176bb7861,KD201.22.0.0025,2025/IV
dddaa1ba-0e1d-4c86-a4fb-0dbd00e262be,KP102.21.0.0014,2026/I
0da18d39-ea20-49c2-a36a-bf91a4153cf0,TK203.20.0.0024,2025/II
0d54c6d5-d3a6-4840-8663-8625b1158c73,KD401.23.0.0040,2025/IV
1a0e81b3-4adc-4936-baa4-53a82157d630,KI101.20.0.0020,2026/IV
17f728aa-fd0e-471f-b9cf-4cc607c8ef67,KP401.22.0.0029,2025/III
af62694c-5c81-4905-8eea-02ffe5df3609,IK102.23.0.0039,2026/II
6f2369ad-4d4b-42c0-9b6e-fa9f5fb0782b,KP111.22.0.0024,2026/III
40d5fdec-915c-4327-933f-ab66c8f654f3,IK403.21.0.0018,2026/III
99efd64f-d890-4e13-8d85-fa9bad788a3c,PS201.24.0.0035,2026/I
88ee7ba5-11e9-49f2-b2a3-24bcbe878509,KI102.20.0.0025,2025/III
52c2a5e4-ce23-466c-85ba-531b4790af64,TK201.20.0.0030,2025/IV
2d4ff1b3-dae2-4e54-92d8-e4804af3feb8,KP105.20.0.0029,2025/I
8d0f6f29-c08a-41a6-a0d3-95021c4a5f99,TK201.22.0.0022,2026/III
8c4d516c-d165-4074-8714-1fb15f67cc2a,KP202.20.0.0019,2025/III
48d10484-26cb-4b8e-ab4c-d65c6e3eb5bd,TK104.20.0.0026,2025/IV
2918fc34-a8bc-4b3c-b95e-362c1d9678fe,IK202.20.0.0028,2026/II
bca2c1d8-5663-4ba5-bb2f-c59208527f18,IK102.20.0.0032,2025/I
d5c296ca-9511-4f30-ba5a-be23fd887c98,FA401.20.0.0031,2025/IV
3093312e-f8b2-4c70-a1dd-bd038e4beb56,KP203.20.0.0026,2026/I
4cb9ae87-6323-4bb2-bbbd-cde75b208aa1,FA401.21.0.0002,2026/IV
fb278730-9cce-438d-9138-2cf84ba8e3fd,IK103.20.0.0002,2026/I
3a4f04e6-6fca-4e62-a98d-6d453e7af8dd,EB101.22.0.0002,2025/I
742ca6f9-aa2b-4a52-b132-fb552c8d65e2,KD201.23.0.0003,2026/III
ed48c62c-04df-4b21-b9c7-fc3d10af646a,TK105.22.8.0001,2026/II
e4c3dfeb-1b04-4954-8f8a-a42c83825cb1,IK201.20.0.0002,2026/II
724b3cea-b6d6-4895-b8cc-1c19efca4c51,KP103.20.0.0003,2025/IV
c4f43f2a-d32b-4d2d-822e-15ff2469618b,IK401.22.0.0003,2025/I
a0a3a503-613b-495e-a194-cf010f902974,KP102.21.0.0001,2026/II
6bfe6069-1f3e-4555-800a-a4d9b9fd267d,KP204.23.0.0004,2025/III
fa38bf02-b575-43e1-9ddd-4d240e5ce758,PS401.20.0.0002,2026/I
a01877f2-d79a-4fd7-9229-6cd44368ca29,KI102.22.0.0001,2026/I
f1873b0b-d2b1-4333-ab53-1019dcfc8384,KP101.22.0.0002,2026/II
9045765c-b37e-4aae-9483-ce02d18354ac,FA401.20.0.0002,2026/I
13a9a130-7ea4-43c5-bee1-36d2872ff245,EB201.22.0.0001,2025/III
df446cdf-9f50-48dc-9a3d-119af96a047b,PS101.21.0.0001,2026/II
e15b920b-a968-46f0-8162-04af58bb2694,KP106.20.8.0001,2026/III
dd9a9a12-13b2-446a-9b8e-0a4a49230ae4,KP202.20.0.0002,2025/I
54830180-f917-49d1-8235-fc055cff3c52,KP201.24.0.0002,2025/II
617c86e8-01df-4059-8cbd-1e5c3e3d5b29,IK202.22.0.0001,2025/I
884ac4a6-52d6-4df0-a0df-750a7b64a0eb,AI201.23.0.0032,2025/I
73cba5ad-a6d2-4718-a7b2-ac5010da37b8,KI201.24.8.0002,2025/I
54cb6b74-f47f-4587-91c1-e58050e673ed,IK102.22.0.0023,2025/II
6d5c418d-07ec-45d9-ab97-ff53c2db6598,KI102.20.0.0023,2025/I
330dbcb1-ce72-475c-a885-0d17e0ad07ba,KG101.23.0.0044,2026/III
13bbdf72-01a8-4eae-9554-f3d91ddf1245,AI202.20.0.0022,2026/II
10cadc77-3f67-44c8-9f02-3b99b18f019a,KD201.23.0.0030,2025/I
d84dda5d-5d7d-420c-b309-72617542483a,IK403.24.0.0033,2026/III
afc28630-b326-4a37-a290-5277bb5e9661,TK105.22.8.0005,2025/I
0dc031ce-5ee4-4215-bb58-aa1ce9131097,AI202.24.0.0022,2026/IV
b9f3f5d0-9f8f-4a93-a7c6-c78ea3cb5567,IK402.23.0.0035,2025/I
6332b258-a8c9-419e-b427-36d69a5cc577,IK402.22.0.0028,2026/II
17474be3-0386-41f8-9240-b90b5f625db6,TK201.23.0.0033,2026/III
fde4a5c8-295a-4369-980d-c1523c042147,EB101.21.0.0013,2025/IV
35f62997-b34c-46cd-a534-bc2d1c7e7e30,IK103.21.0.0016,2025/II
d54e0829-f780-420b-a42e-543ec64d9466,AI201.22.0.0026,2025/I
f1eaf095-6583-48f4-8984-273a7aa39ce9,VK001.22.0.0023,2026/III
38f09ee1-520e-461e-afc0-5197f8564140,KP204.23.0.0037,2026/IV
c36c20ab-fe2e-4a52-939b-a0ff010ab2c6,VK001.20.0.0027,2026/II
74d81ea4-80f8-4378-b771-d608d6d06920,KI101.22.0.0030,2026/IV
629848ef-3c34-41b6-b889-f7b34abe0170,KP102.22.0.0027,2026/II
35afd96c-53ec-4381-9e6d-b94c9d780562,HP101.20.0.0019,2026/I
61ae36cc-ff9f-4dd0-bf82-72925dd34bac,TK203.20.0.0021,2025/II
4152e900-acb7-4439-8b9d-2a68980edc12,TK201.21.0.0019,2025/I
915729d1-2cdf-4918-b2cb-08f33efb4b30,AI101.21.0.0021,2025/IV
c13cb07c-8d9d-4ce8-8e1b-b3c138cf5f04,VK001.20.0.0028,2025/II
db57eed5-1d90-4bcd-a621-f7dbb8d60065,KP101.22.0.0025,2025/I
469821b5-38da-43df-a2d3-e6ca7dbe1ef4,KP201.24.0.0036,2026/I
6f3b42a3-826d-4aa4-a8ab-5db586a5342e,KP102.21.0.0013,2025/I
3aa99f95-ed1b-45fa-a014-b1ed30ecb4a1,AI202.21.0.0017,2025/IV
877f4c1b-84a8-4d4c-9d13-518dbdb98f2a,KP201.22.0.0025,2026/II
cf7fec9f-c7c9-4f27-bd43-b9f1b50e7af3,IK202.20.0.0024,2026/I
766f34af-de01-42e6-9e88-22c3a953a0ea,EB202.24.0.0024,2026/I
0c4975cd-fce7-4448-848a-26bf1f206f8b,EB201.21.0.0020,2026/IV
02dcb533-9c4f-438e-943e-d163bf58a579,TK201.22.0.0017,2026/I
21f841bc-9e3d-4ef7-9a30-ac743cc37bc4,KD101.20.0.0027,2026/III
4569c034-5107-4d61-9fdd-342709fe680b,IK401.21.0.0018,2026/IV
c3106653-0c9f-482a-b0a9-4c14c2d6abf9,TK105.21.0.0013,2026/II
a70b0c0d-1061-474e-8731-060151ec70c9,KP205.24.0.0037,2026/IV
881fb3f4-6637-4791-98e5-fc1b9608f19b,IK202.24.0.0027,2025/III
42e77ee7-dfda-478b-9e8e-619da1a29cfa,EB202.20.0.0025,2026/II
95c92e79-879b-4b29-b246-a6bb13aba703,IK403.20.0.0019,2026/IV
0de4955d-e291-4ee0-aef2-22f151df4ee3,TK101.21.0.0023,2026/III
5011b9fa-f44a-4a9e-9b1a-37b7a3d0e6e1,KP104.20.0.0018,2025/IV
93f41e16-e702-45e8-b149-add6d5706661,TK103.21.0.0020,2025/IV
a921f872-c5be-4900-9d96-fee9edac6a3d,IK403.21.0.0017,2026/IV
3616a088-9430-47e1-ae90-034451516386,KP110.22.8.0002,2025/II
714a7021-9e41-450c-a7c2-ec2082cf0ab4,IK103.20.0.0028,2025/I
e63e5188-0820-4ccb-a1cc-0f194943008d,KP204.20.8.0003,2025/II
38bec75c-a5db-46bd-9fdc-e020704e187a,KD101.22.0.0025,2026/III
eeeafa37-5274-4a59-afc6-a3d56438f536,KP104.22.0.0026,2026/I
22e0ec1e-0bcd-41a4-b322-60b9c4078b3b,KG101.22.0.0023,2025/II
2b961008-616e-4482-9442-d68d6a7d1caf,IK101.21.0.0016,2025/IV
44b3ccb1-5777-468a-8b86-28576c3f5364,KD401.22.0.0035,2026/II
a07561c0-29c7-4792-babe-52c4e30afdfd,TK104.22.0.0025,2026/II
837fa45f-73f4-4f5f-aa62-78b23a38a4d4,KP401.20.0.0029,2025/I
4b04075b-74bd-4c90-85f4-542771dd0b27,KP104.20.0.0017,2025/II
a814b278-4f68-4e51-bbbb-0ec2db066b94,VK001.22.8.0004,2025/II
094d3744-5432-4d16-a45f-f216db723a6e,KG101.20.0.0025,2025/I
63764717-b9ca-4072-a6df-08075d274544,EB102.20.0.0017,2026/IV
ce9378da-ae88-4a34-b663-beb719801769,AI102.21.0.0025,2026/III
84bc720e-c414-4b87-8430-f439bb282288,PS401.23.0.0026,2025/IV
688bb0f8-e221-43dc-a0f6-9f634141a309,IK101.21.0.0015,2026/IV
bd7132de-e752-4884-845c-853f108393b5,KP201.24.0.0033,2026/IV
56eb431e-6ba7-4db3-a561-a42bb015902a,KP103.20.0.0029,2025/II
4d61f0d7-ea7b-4736-bc73-2f2c985d077c,PS101.20.0.0018,2025/III
1edf744f-52e0-44a4-9d00-2a53b97864ee,IK403.20.0.0018,2026/II
df8e26d5-5d09-4d8f-ad3a-3b5aa846c2cb,HP201.21.0.0016,2026/II
c475ba8d-9306-4249-a2dd-320cbad81549,PS201.24.0.0026,2026/I
f158f84e-4999-430e-92db-6aafd2033ed0,IK101.20.0.0023,2026/II
4b9ec795-a81e-45f6-9364-2ff4b6bb9ed2,TK105.22.0.0027,2025/III
9c6da8c2-ae71-45bc-b753-d04c37fa92af,KP203.20.0.0022,2025/II
d8fc47b2-8e48-4a8d-afa1-a7d214c56a14,GE101.20.0.0022,2025/III
be89ddca-b947-4f94-8b5d-5f48616981fc,KD401.20.0.0027,2026/I
5903104d-be2e-4fff-a38c-0658c26358f1,KP102.20.0.0020,2025/IV
c0a56868-93f0-44d3-8883-4bd52877f7c4,EB202.21.0.0019,2025/III
8e2d5f24-ee53-4da3-ba49-05247787a0eb,IK103.20.0.0029,2025/IV
ced9e426-7473-48fd-a1b6-a2b20c3d15b2,AI202.21.0.0018,2026/IV
72955b94-eb00-4624-b880-b5a8b5afd76a,TK202.22.0.0027,2025/III
0873d81e-8061-4349-9ea7-14617c5a0c80,TK102.22.0.0023,2025/III
b2c73b08-dbd6-4e29-abb5-8ded79da8c3e,FA101.22.0.0029,2026/IV
ed9c66d4-335c-406a-8784-dada2ab23437,KD401.23.0.0038,2026/I
f7d233d0-0ec5-4718-a26b-88c8a90b1502,IK202.24.0.0028,2025/III
47f7f605-aa35-4f55-9310-fc624c75d2c4,IK401.22.0.0035,2026/I
1b4263f6-62bf-408c-a402-2dc2042033f2,KP204.20.0.0026,2025/IV
b85eacff-94ae-4adc-a8b9-9a5ab629587b,KP203.22.0.0013,2025/III
800efb0d-f201-4809-bb7e-53468ad7be6f,KP205.21.0.0008,2026/II
214d09cb-f0d1-4314-97d9-7bd0af385d26,IK403.24.0.0031,2026/III
dd9b8b24-bb18-4fe9-a913-ba1c59a9f3c4,TK101.20.0.0025,2025/IV
43e6beb9-2144-4613-8685-44fd22211be2,TK106.20.0.0029,2025/III
6d98f283-0662-4390-9423-c014de9b1835,TK202.22.0.0026,2026/II
83148183-e79f-4c8d-9342-cb1c40b32d00,EB101.22.0.0029,2026/III
3f78de85-4c7f-4bae-b6cb-f08f39821d74,KP104.22.0.0024,2025/I
9a3de5e3-22d3-46f0-b2ed-ca8f3998b15e,KI101.21.0.0022,2025/I
b3f6145c-acb1-42f1-861d-175a3465f183,KP110.21.0.0020,2025/III
f5f022b6-3abf-47f7-bcd2-0abfd4ffff97,EB202.20.0.0024,2026/I
3e624d03-de44-4d9e-9a4f-4f6b2b6f2e5a,KP110.21.0.0021,2025/I
ebdb1d99-f0d4-4ed9-9210-47d1ae6be36b,KD401.20.0.0026,2025/IV
243749d4-a777-4d88-b7d5-2abb283315bc,KP104.21.0.0020,2026/II
649c2cd9-6842-4296-9d81-43af29172422,TK106.20.0.0026,2025/IV
b04d64a4-d8c5-488b-9349-69fd69e003a2,KP203.23.0.0028,2025/IV
f8e8369e-e319-4474-83dc-c0fdcde586b6,IK202.23.0.0018,2025/IV
a91cd2ba-c6f2-4e65-8f55-a32c9d943059,IK202.20.0.0023,2025/II
e3e63665-fc6f-4b1f-9ed3-d5a65f995308,TK105.20.0.0026,2026/II
ebd03c28-a9db-4f75-9b00-c1299f7dc837,VK001.21.8.0001,2025/I
3814e8b2-05a4-431a-ba4e-c8f4a3efdb4b,KD401.21.0.0021,2026/I
3e6212f6-16cf-41c1-82ab-4f17ec4790c2,TK202.20.0.0027,2026/II
7aac81e4-b7cb-473f-ab64-9a9b5738eba2,KI201.22.0.0026,2025/II
f79c5aeb-8a73-4a7d-b5e1-e7a6c9bedd18,FA401.22.8.0001,2025/IV
fed23c11-7eea-409e-b315-4fa6bc3b00cb,FA401.24.0.0021,2025/II
c916fa32-773f-40ca-922c-95deaa218d34,HP101.20.0.0002,2026/IV
06c0dd82-78b5-4ee6-941c-1a88935084dc,FA101.20.0.0002,2026/III
ef121540-1fef-4f09-bef1-154da076710d,FA401.24.0.0001,2026/IV
450680d3-0fd0-4760-bdf8-7fd76b467fe4,AI103.22.8.0001,2025/IV
f29ec494-effc-4b7e-b302-be18d863520d,KP106.20.0.0002,2026/II
828e7477-2f6e-4cff-9fdf-6397d285a342,FA401.23.0.0001,2025/IV
184da830-14e4-4cf8-a63c-a7204bab9ed4,PS201.20.0.0002,2025/II
4abb62da-1d1d-47cc-8838-18864f471066,AI103.21.0.0001,2025/II
91c58618-9a20-406d-bc23-a2c336ced33d,KP110.22.0.0001,2025/III
b8bfedd9-525c-4418-a500-6b62babf08b5,IK102.20.0.0001,2026/III
04651406-be8e-4761-8944-b41600734226,IK401.22.0.0002,2025/III
e3a6b413-87fc-44c7-a6ae-79838ab9f522,EB202.24.0.0003,2025/I
1b4b8d17-0c23-42fe-824b-0d91d84b87d2,KP205.23.0.0004,2026/III
cbc7b0f2-6276-43fc-a6fb-6a0272fcb22e,KP108.22.0.0003,2026/III
d6a9943c-9be1-435a-a1e0-a50d0f1df968,IK103.22.0.0002,2026/III
a1f5a8be-636a-4219-9d66-ed898d4d8975,FA201.23.0.0002,2025/I
8e0a5b01-2056-47f9-a317-762d8256bfc9,IK101.20.0.0002,2026/III
05b48ada-0334-49e7-a63e-6a9323d2233e,TK107.22.0.0003,2026/II
f0a08501-2dfd-4fa7-960f-086870d99987,IK201.21.0.0001,2026/III
705c91a3-fd16-4b77-b67f-993173760513,KP106.21.0.0002,2025/III
5dc5a7fd-0d97-43c4-9f33-b99e2b1f8d70,TK201.23.0.0002,2025/II
4b11e273-0a04-4696-99f3-ce9b36187b77,FA101.20.0.0004,2025/IV
0d18e4b7-3915-49bd-96a9-fde8b0ffd8ff,AI202.23.0.0003,2025/IV
213567b7-4551-4033-a808-2e5321cb9b12,TK202.24.0.0001,2025/III
fbfa4b51-612e-4e21-9442-a3bb2ff8348e,KG401.22.0.0002,2025/IV
f1d348bc-dbc6-41f7-9ec1-11d19af35870,HP201.23.0.0003,2026/III
cd4f9f90-f85d-4383-a2bb-290f2784819b,TK401.23.8.0001,2025/II
f7e3a934-e251-47f1-92f0-946227f6face,TK201.21.8.0001,2025/IV
35a4c59d-6b38-46a3-978b-d5160e656963,EB202.20.0.0004,2025/I
3d9319b6-8769-4e17-8503-68d29d93f921,TK101.20.0.0004,2026/II
fdea2382-57b4-4cfe-a2c8-8d3347dc9e68,IK101.21.0.0001,2026/I
77e80f65-90d3-4324-9215-c1f1d4bc7eec,IK103.23.0.0002,2026/IV
4bfef098-47ec-4e09-baae-e2c0d32c8705,HP101.20.0.0005,2025/I
efdb35cc-d32f-4d87-9c33-bf57a48274c6,KI201.22.0.0001,2025/III
58ceb306-0287-4228-94f0-5e6814f80c4a,KP111.21.0.0004,2025/IV
77251448-e0a8-4a56-bec5-f8a43edf7d5d,EB201.22.0.0002,2026/I
27c2aabf-42e7-4691-92f3-752a0ccda818,TK107.21.0.0001,2026/II
415ec8c6-f281-4687-b137-1911c8b3b9f6,KP104.22.0.0004,2026/III
78fdfc24-7f6e-4513-92f2-0b194dd7bb18,AI201.20.0.0005,2025/I
b1e9b064-babc-4aca-a50e-bd977e8cfc95,KP102.22.0.0002,2026/III
5133832a-ec52-478d-8176-529a4fa02287,EB101.21.0.0001,2025/IV
0ac370a3-dc4c-4fa6-8a8d-d60d6e53f76d,EB102.22.0.0002,2025/IV
44164db1-82b8-455e-a0e9-59482b8ae2bc,TK202.20.0.0002,2026/II
24796c87-5ea1-445d-9c68-f24d68797d47,KI201.21.0.0001,2025/III
b7f4859f-4edf-4f7a-9b04-9d7c67619c5b,KD101.22.0.0002,2025/I
3a8a6371-4551-4972-8a02-073421f297a2,IK201.20.0.0001,2025/II
f065d0c6-37bd-41c9-b39a-736208292ea5,AI201.23.0.0001,2026/III
205f8693-1f12-4756-ac65-90596d620f72,IK402.23.0.0001,2026/III
8e64ef34-46c6-418f-be8a-9ed4df8e1559,EB103.22.0.0003,2026/IV
bc9b9897-8eac-4a9e-bf4b-77c0a76f0424,KG101.20.0.0002,2026/II
2d14ba4f-c1e7-49fb-b3f2-76fb7807f409,IK103.21.0.0001,2026/II
6adf30a6-d1fe-489c-90a5-758df0bd45b0,FA201.24.0.0001,2025/II
cdc83ee4-9426-4e09-bd1c-e9c8a88b63fc,PS201.21.0.0001,2025/II
cfa1a199-bae7-4afa-a3c4-ac98427e07f1,GE101.20.0.0001,2025/I
7daa4e19-f63b-4bcd-b4ac-86703fa03a34,AI101.21.0.0001,2026/III
a2aeb3cb-f8ab-41a8-b0da-32780c95072a,EB202.24.0.0002,2025/I
f697f99d-68a7-4d4f-b268-8e85d22cef89,HP201.23.0.0001,2026/IV
9b806d0f-47df-418a-b181-dc1c27c1ffc9,KD201.21.0.0002,2026/III
621ca54a-f46f-4430-b40f-147221de8a46,AI102.20.0.0001,2025/IV
2d28be47-e0b6-461c-9da0-5b65b18198e8,KI102.21.0.0001,2026/IV
e7c17fff-fcc3-491d-954e-ce7496ef75d2,IK402.23.8.0002,2026/II
20514c0d-a3b3-4b61-aa00-bcdecb2f89a0,KP201.24.0.0001,2026/I
298620af-58cb-44c9-9408-805efd82fb50,FA101.21.0.0002,2026/IV